<?xml version="1.0" encoding="UTF-8" ?>
<!-- This is a WordPress eXtended RSS file generated by WordPress as an export of your site. -->
<!-- It contains information about your site's posts, pages, comments, categories, and other content. -->
<!-- You may use this file to transfer that content from one site to another. -->
<!-- This file is not intended to serve as a complete backup of your site. -->

<!-- To import this information into a WordPress site follow these steps: -->
<!-- 1. Log in to that site as an administrator. -->
<!-- 2. Go to Tools: Import in the WordPress admin panel. -->
<!-- 3. Install the "WordPress" importer from the list. -->
<!-- 4. Activate & Run Importer. -->
<!-- 5. Upload this file using the form provided on that page. -->
<!-- 6. You will first be asked to map the authors in this export file to users -->
<!--    on the site. For each author, you may choose to map to an -->
<!--    existing user on the site or to create a new user. -->
<!-- 7. WordPress will then import each of the posts, pages, comments, categories, etc. -->
<!--    contained in this file into your site. -->

	<!-- generator="WordPress/5.8.1" created="2021-10-28 15:56" -->
<rss version="2.0"
	xmlns:excerpt="http://wordpress.org/export/1.2/excerpt/"
	xmlns:content="http://purl.org/rss/1.0/modules/content/"
	xmlns:wfw="http://wellformedweb.org/CommentAPI/"
	xmlns:dc="http://purl.org/dc/elements/1.1/"
	xmlns:wp="http://wordpress.org/export/1.2/"
>

<channel>
	<title>StreamTube</title>
	<link>https://streamtube.org/demo/fullwidth</link>
	<description>Responsive Video WordPress Theme</description>
	<pubDate>Thu, 28 Oct 2021 15:56:17 +0000</pubDate>
	<language>en-US</language>
	<wp:wxr_version>1.2</wp:wxr_version>
	<wp:base_site_url>https://streamtube.org/demo/fullwidth</wp:base_site_url>
	<wp:base_blog_url>https://streamtube.org/demo/fullwidth</wp:base_blog_url>

		<wp:author><wp:author_id>1</wp:author_id><wp:author_login><![CDATA[admin]]></wp:author_login><wp:author_email><![CDATA[nttoanbrvt@gmail.com]]></wp:author_email><wp:author_display_name><![CDATA[John Does]]></wp:author_display_name><wp:author_first_name><![CDATA[John]]></wp:author_first_name><wp:author_last_name><![CDATA[Does]]></wp:author_last_name></wp:author>

				
	<generator>https://wordpress.org/?v=5.8.1</generator>

<image>
	<url>https://streamtube.org/demo/fullwidth/wp-content/uploads/2021/09/cropped-site-icon-32x32.png</url>
	<title>StreamTube</title>
	<link>https://streamtube.org/demo/fullwidth</link>
	<width>32</width>
	<height>32</height>
</image> 

		<item>
		<title><![CDATA[Sample Page]]></title>
		<link>https://streamtube.org/demo/fullwidth/sample-page/</link>
		<pubDate>Wed, 18 Aug 2021 10:49:53 +0000</pubDate>
		<dc:creator><![CDATA[admin]]></dc:creator>
		<guid isPermaLink="false">https://streamtube.org/demo/fullwidth/?page_id=2</guid>
		<description></description>
		<content:encoded><![CDATA[<!-- wp:paragraph -->
<p>This is an example page. It's different from a blog post because it will stay in one place and will show up in your site navigation (in most themes). Most people start with an About page that introduces them to potential site visitors. It might say something like this:</p>
<!-- /wp:paragraph -->

<!-- wp:quote -->
<blockquote class="wp-block-quote"><p>Hi there! I'm a bike messenger by day, aspiring actor by night, and this is my website. I live in Los Angeles, have a great dog named Jack, and I like pi&#241;a coladas. (And gettin' caught in the rain.)</p></blockquote>
<!-- /wp:quote -->

<!-- wp:paragraph -->
<p>...or something like this:</p>
<!-- /wp:paragraph -->

<!-- wp:quote -->
<blockquote class="wp-block-quote"><p>The XYZ Doohickey Company was founded in 1971, and has been providing quality doohickeys to the public ever since. Located in Gotham City, XYZ employs over 2,000 people and does all kinds of awesome things for the Gotham community.</p></blockquote>
<!-- /wp:quote -->

<!-- wp:paragraph -->
<p>As a new WordPress user, you should go to <a href="https://streamtube.org/demo/fullwidth/wp-admin/">your dashboard</a> to delete this page and create new pages for your content. Have fun!</p>
<!-- /wp:paragraph -->]]></content:encoded>
		<excerpt:encoded><![CDATA[]]></excerpt:encoded>
		<wp:post_id>2</wp:post_id>
		<wp:post_date><![CDATA[2021-08-18 10:49:53]]></wp:post_date>
		<wp:post_date_gmt><![CDATA[2021-08-18 10:49:53]]></wp:post_date_gmt>
		<wp:post_modified><![CDATA[2021-08-18 10:49:53]]></wp:post_modified>
		<wp:post_modified_gmt><![CDATA[2021-08-18 10:49:53]]></wp:post_modified_gmt>
		<wp:comment_status><![CDATA[closed]]></wp:comment_status>
		<wp:ping_status><![CDATA[open]]></wp:ping_status>
		<wp:post_name><![CDATA[sample-page]]></wp:post_name>
		<wp:status><![CDATA[publish]]></wp:status>
		<wp:post_parent>0</wp:post_parent>
		<wp:menu_order>0</wp:menu_order>
		<wp:post_type><![CDATA[page]]></wp:post_type>
		<wp:post_password><![CDATA[]]></wp:post_password>
		<wp:is_sticky>0</wp:is_sticky>
														<wp:postmeta>
		<wp:meta_key><![CDATA[_wp_page_template]]></wp:meta_key>
		<wp:meta_value><![CDATA[default]]></wp:meta_value>
		</wp:postmeta>
							</item>
					<item>
		<title><![CDATA[Privacy Policy]]></title>
		<link>https://streamtube.org/demo/fullwidth/?page_id=3</link>
		<pubDate>Wed, 18 Aug 2021 10:49:53 +0000</pubDate>
		<dc:creator><![CDATA[admin]]></dc:creator>
		<guid isPermaLink="false">https://streamtube.org/demo/fullwidth/?page_id=3</guid>
		<description></description>
		<content:encoded><![CDATA[<!-- wp:heading -->
<h2>Who we are</h2>
<!-- /wp:heading -->

<!-- wp:paragraph -->
<p><strong class="privacy-policy-tutorial">Suggested text: </strong>Our website address is: https://streamtube.org/demo/fullwidth.</p>
<!-- /wp:paragraph -->

<!-- wp:heading {"level":3} -->
<h3>Comments</h3>
<!-- /wp:heading -->

<!-- wp:paragraph -->
<p><strong class="privacy-policy-tutorial">Suggested text: </strong>When visitors leave comments on the site we collect the data shown in the comments form, and also the visitor’s IP address and browser user agent string to help spam detection.</p>
<!-- /wp:paragraph -->

<!-- wp:paragraph -->
<p>An anonymized string created from your email address (also called a hash) may be provided to the Gravatar service to see if you are using it. The Gravatar service privacy policy is available here: https://automattic.com/privacy/. After approval of your comment, your profile picture is visible to the public in the context of your comment.</p>
<!-- /wp:paragraph -->

<!-- wp:heading {"level":3} -->
<h3>Media</h3>
<!-- /wp:heading -->

<!-- wp:paragraph -->
<p><strong class="privacy-policy-tutorial">Suggested text: </strong>If you upload images to the website, you should avoid uploading images with embedded location data (EXIF GPS) included. Visitors to the website can download and extract any location data from images on the website.</p>
<!-- /wp:paragraph -->

<!-- wp:heading {"level":3} -->
<h3>Cookies</h3>
<!-- /wp:heading -->

<!-- wp:paragraph -->
<p><strong class="privacy-policy-tutorial">Suggested text: </strong>If you leave a comment on our site you may opt-in to saving your name, email address and website in cookies. These are for your convenience so that you do not have to fill in your details again when you leave another comment. These cookies will last for one year.</p>
<!-- /wp:paragraph -->

<!-- wp:paragraph -->
<p>If you visit our login page, we will set a temporary cookie to determine if your browser accepts cookies. This cookie contains no personal data and is discarded when you close your browser.</p>
<!-- /wp:paragraph -->

<!-- wp:paragraph -->
<p>When you log in, we will also set up several cookies to save your login information and your screen display choices. Login cookies last for two days, and screen options cookies last for a year. If you select "Remember Me", your login will persist for two weeks. If you log out of your account, the login cookies will be removed.</p>
<!-- /wp:paragraph -->

<!-- wp:paragraph -->
<p>If you edit or publish an article, an additional cookie will be saved in your browser. This cookie includes no personal data and simply indicates the post ID of the article you just edited. It expires after 1 day.</p>
<!-- /wp:paragraph -->

<!-- wp:heading {"level":3} -->
<h3>Embedded content from other websites</h3>
<!-- /wp:heading -->

<!-- wp:paragraph -->
<p><strong class="privacy-policy-tutorial">Suggested text: </strong>Articles on this site may include embedded content (e.g. videos, images, articles, etc.). Embedded content from other websites behaves in the exact same way as if the visitor has visited the other website.</p>
<!-- /wp:paragraph -->

<!-- wp:paragraph -->
<p>These websites may collect data about you, use cookies, embed additional third-party tracking, and monitor your interaction with that embedded content, including tracking your interaction with the embedded content if you have an account and are logged in to that website.</p>
<!-- /wp:paragraph -->

<!-- wp:heading {"level":3} -->
<h3>Who we share your data with</h3>
<!-- /wp:heading -->

<!-- wp:paragraph -->
<p><strong class="privacy-policy-tutorial">Suggested text: </strong>If you request a password reset, your IP address will be included in the reset email.</p>
<!-- /wp:paragraph -->

<!-- wp:heading {"level":3} -->
<h3>How long we retain your data</h3>
<!-- /wp:heading -->

<!-- wp:paragraph -->
<p><strong class="privacy-policy-tutorial">Suggested text: </strong>If you leave a comment, the comment and its metadata are retained indefinitely. This is so we can recognize and approve any follow-up comments automatically instead of holding them in a moderation queue.</p>
<!-- /wp:paragraph -->

<!-- wp:paragraph -->
<p>For users that register on our website (if any), we also store the personal information they provide in their user profile. All users can see, edit, or delete their personal information at any time (except they cannot change their username). Website administrators can also see and edit that information.</p>
<!-- /wp:paragraph -->

<!-- wp:heading {"level":3} -->
<h3>What rights you have over your data</h3>
<!-- /wp:heading -->

<!-- wp:paragraph -->
<p><strong class="privacy-policy-tutorial">Suggested text: </strong>If you have an account on this site, or have left comments, you can request to receive an exported file of the personal data we hold about you, including any data you have provided to us. You can also request that we erase any personal data we hold about you. This does not include any data we are obliged to keep for administrative, legal, or security purposes.</p>
<!-- /wp:paragraph -->

<!-- wp:heading {"level":3} -->
<h3>Where we send your data</h3>
<!-- /wp:heading -->

<!-- wp:paragraph -->
<p><strong class="privacy-policy-tutorial">Suggested text: </strong>Visitor comments may be checked through an automated spam detection service.</p>
<!-- /wp:paragraph -->]]></content:encoded>
		<excerpt:encoded><![CDATA[]]></excerpt:encoded>
		<wp:post_id>3</wp:post_id>
		<wp:post_date><![CDATA[2021-08-18 10:49:53]]></wp:post_date>
		<wp:post_date_gmt><![CDATA[2021-08-18 10:49:53]]></wp:post_date_gmt>
		<wp:post_modified><![CDATA[2021-08-29 04:39:56]]></wp:post_modified>
		<wp:post_modified_gmt><![CDATA[2021-08-29 04:39:56]]></wp:post_modified_gmt>
		<wp:comment_status><![CDATA[closed]]></wp:comment_status>
		<wp:ping_status><![CDATA[closed]]></wp:ping_status>
		<wp:post_name><![CDATA[privacy-policy]]></wp:post_name>
		<wp:status><![CDATA[draft]]></wp:status>
		<wp:post_parent>0</wp:post_parent>
		<wp:menu_order>0</wp:menu_order>
		<wp:post_type><![CDATA[page]]></wp:post_type>
		<wp:post_password><![CDATA[]]></wp:post_password>
		<wp:is_sticky>0</wp:is_sticky>
														<wp:postmeta>
		<wp:meta_key><![CDATA[_wp_page_template]]></wp:meta_key>
		<wp:meta_value><![CDATA[default]]></wp:meta_value>
		</wp:postmeta>
							<wp:postmeta>
		<wp:meta_key><![CDATA[_edit_last]]></wp:meta_key>
		<wp:meta_value><![CDATA[1]]></wp:meta_value>
		</wp:postmeta>
							<wp:postmeta>
		<wp:meta_key><![CDATA[_yoast_wpseo_content_score]]></wp:meta_key>
		<wp:meta_value><![CDATA[30]]></wp:meta_value>
		</wp:postmeta>
							<wp:postmeta>
		<wp:meta_key><![CDATA[_yoast_wpseo_estimated-reading-time-minutes]]></wp:meta_key>
		<wp:meta_value><![CDATA[3]]></wp:meta_value>
		</wp:postmeta>
							</item>
					<item>
		<title><![CDATA[Liked]]></title>
		<link>https://streamtube.org/demo/fullwidth/liked/</link>
		<pubDate>Wed, 18 Aug 2021 15:30:12 +0000</pubDate>
		<dc:creator><![CDATA[admin]]></dc:creator>
		<guid isPermaLink="false">https://streamtube.org/demo/fullwidth/?page_id=96</guid>
		<description></description>
		<content:encoded><![CDATA[]]></content:encoded>
		<excerpt:encoded><![CDATA[]]></excerpt:encoded>
		<wp:post_id>96</wp:post_id>
		<wp:post_date><![CDATA[2021-08-18 15:30:12]]></wp:post_date>
		<wp:post_date_gmt><![CDATA[2021-08-18 15:30:12]]></wp:post_date_gmt>
		<wp:post_modified><![CDATA[2021-10-28 15:23:23]]></wp:post_modified>
		<wp:post_modified_gmt><![CDATA[2021-10-28 15:23:23]]></wp:post_modified_gmt>
		<wp:comment_status><![CDATA[closed]]></wp:comment_status>
		<wp:ping_status><![CDATA[closed]]></wp:ping_status>
		<wp:post_name><![CDATA[liked]]></wp:post_name>
		<wp:status><![CDATA[publish]]></wp:status>
		<wp:post_parent>0</wp:post_parent>
		<wp:menu_order>0</wp:menu_order>
		<wp:post_type><![CDATA[page]]></wp:post_type>
		<wp:post_password><![CDATA[]]></wp:post_password>
		<wp:is_sticky>0</wp:is_sticky>
														<wp:postmeta>
		<wp:meta_key><![CDATA[_elementor_edit_mode]]></wp:meta_key>
		<wp:meta_value><![CDATA[builder]]></wp:meta_value>
		</wp:postmeta>
							<wp:postmeta>
		<wp:meta_key><![CDATA[_elementor_template_type]]></wp:meta_key>
		<wp:meta_value><![CDATA[wp-page]]></wp:meta_value>
		</wp:postmeta>
							<wp:postmeta>
		<wp:meta_key><![CDATA[_elementor_version]]></wp:meta_key>
		<wp:meta_value><![CDATA[3.4.5]]></wp:meta_value>
		</wp:postmeta>
							<wp:postmeta>
		<wp:meta_key><![CDATA[_wp_page_template]]></wp:meta_key>
		<wp:meta_value><![CDATA[page-templates/page-builder-fullwidth.php]]></wp:meta_value>
		</wp:postmeta>
							<wp:postmeta>
		<wp:meta_key><![CDATA[_elementor_data]]></wp:meta_key>
		<wp:meta_value><![CDATA[[{"id":"0e547e0","elType":"section","settings":{"layout":"full_width","html_tag":"div","overflow":"hidden","padding":{"unit":"rem","top":"0","right":"1.5","bottom":"0","left":"1.5","isLinked":false},"padding_mobile":{"unit":"rem","top":"0","right":"0.75","bottom":"0","left":"0.75","isLinked":false},"gap":"no"},"elements":[{"id":"0e5edee","elType":"column","settings":{"_column_size":100,"_inline_size":null},"elements":[{"id":"c42a438","elType":"widget","settings":{"heading":"Liked Videos","posts_per_page":16,"author_avatar":"yes","col_lg":4,"col_sm":2,"pagination":"click"},"elements":[],"widgetType":"liked-posts"}],"isInner":false}],"isInner":false}]]]></wp:meta_value>
		</wp:postmeta>
							<wp:postmeta>
		<wp:meta_key><![CDATA[_elementor_page_assets]]></wp:meta_key>
		<wp:meta_value><![CDATA[a:0:{}]]></wp:meta_value>
		</wp:postmeta>
							<wp:postmeta>
		<wp:meta_key><![CDATA[_yoast_wpseo_content_score]]></wp:meta_key>
		<wp:meta_value><![CDATA[90]]></wp:meta_value>
		</wp:postmeta>
							<wp:postmeta>
		<wp:meta_key><![CDATA[_yoast_wpseo_estimated-reading-time-minutes]]></wp:meta_key>
		<wp:meta_value><![CDATA[8]]></wp:meta_value>
		</wp:postmeta>
							<wp:postmeta>
		<wp:meta_key><![CDATA[_elementor_controls_usage]]></wp:meta_key>
		<wp:meta_value><![CDATA[a:3:{s:11:"liked-posts";a:3:{s:5:"count";i:1;s:15:"control_percent";i:4;s:8:"controls";a:1:{s:7:"content";a:2:{s:18:"section-appearance";a:4:{s:7:"heading";i:1;s:14:"posts_per_page";i:1;s:13:"author_avatar";i:1;s:10:"pagination";i:1;}s:14:"section-layout";a:2:{s:6:"col_lg";i:1;s:6:"col_sm";i:1;}}}}s:6:"column";a:3:{s:5:"count";i:1;s:15:"control_percent";i:0;s:8:"controls";a:1:{s:6:"layout";a:1:{s:6:"layout";a:1:{s:12:"_inline_size";i:1;}}}}s:7:"section";a:3:{s:5:"count";i:1;s:15:"control_percent";i:2;s:8:"controls";a:2:{s:6:"layout";a:1:{s:14:"section_layout";a:4:{s:6:"layout";i:1;s:8:"html_tag";i:1;s:8:"overflow";i:1;s:3:"gap";i:1;}}s:8:"advanced";a:1:{s:16:"section_advanced";a:1:{s:7:"padding";i:1;}}}}}]]></wp:meta_value>
		</wp:postmeta>
							</item>
					<item>
		<title><![CDATA[Members]]></title>
		<link>https://streamtube.org/demo/fullwidth/members/</link>
		<pubDate>Wed, 18 Aug 2021 15:34:31 +0000</pubDate>
		<dc:creator><![CDATA[admin]]></dc:creator>
		<guid isPermaLink="false">https://streamtube.org/demo/fullwidth/?page_id=103</guid>
		<description></description>
		<content:encoded><![CDATA[]]></content:encoded>
		<excerpt:encoded><![CDATA[]]></excerpt:encoded>
		<wp:post_id>103</wp:post_id>
		<wp:post_date><![CDATA[2021-08-18 15:34:31]]></wp:post_date>
		<wp:post_date_gmt><![CDATA[2021-08-18 15:34:31]]></wp:post_date_gmt>
		<wp:post_modified><![CDATA[2021-10-20 14:52:42]]></wp:post_modified>
		<wp:post_modified_gmt><![CDATA[2021-10-20 14:52:42]]></wp:post_modified_gmt>
		<wp:comment_status><![CDATA[closed]]></wp:comment_status>
		<wp:ping_status><![CDATA[closed]]></wp:ping_status>
		<wp:post_name><![CDATA[members]]></wp:post_name>
		<wp:status><![CDATA[publish]]></wp:status>
		<wp:post_parent>0</wp:post_parent>
		<wp:menu_order>0</wp:menu_order>
		<wp:post_type><![CDATA[page]]></wp:post_type>
		<wp:post_password><![CDATA[]]></wp:post_password>
		<wp:is_sticky>0</wp:is_sticky>
														<wp:postmeta>
		<wp:meta_key><![CDATA[_elementor_edit_mode]]></wp:meta_key>
		<wp:meta_value><![CDATA[builder]]></wp:meta_value>
		</wp:postmeta>
							<wp:postmeta>
		<wp:meta_key><![CDATA[_elementor_template_type]]></wp:meta_key>
		<wp:meta_value><![CDATA[wp-page]]></wp:meta_value>
		</wp:postmeta>
							<wp:postmeta>
		<wp:meta_key><![CDATA[_elementor_version]]></wp:meta_key>
		<wp:meta_value><![CDATA[3.4.5]]></wp:meta_value>
		</wp:postmeta>
							<wp:postmeta>
		<wp:meta_key><![CDATA[_wp_page_template]]></wp:meta_key>
		<wp:meta_value><![CDATA[page-templates/page-builder-boxed.php]]></wp:meta_value>
		</wp:postmeta>
							<wp:postmeta>
		<wp:meta_key><![CDATA[_elementor_data]]></wp:meta_key>
		<wp:meta_value><![CDATA[[{"id":"1ba0dcb","elType":"section","settings":{"html_tag":"div","margin":{"unit":"rem","top":"1.5","right":0,"bottom":"1.5","left":0,"isLinked":false},"overflow":"hidden","padding_mobile":{"unit":"rem","top":"0","right":"0","bottom":"0","left":"0","isLinked":false},"layout":"full_width","gap":"no","padding":{"unit":"rem","top":"0","right":"0","bottom":"0","left":"0","isLinked":false}},"elements":[{"id":"8cf02d6","elType":"column","settings":{"_column_size":100,"_inline_size":null},"elements":[{"id":"aaf7572","elType":"widget","settings":[],"elements":[],"widgetType":"user-grid"}],"isInner":false}],"isInner":false}]]]></wp:meta_value>
		</wp:postmeta>
							<wp:postmeta>
		<wp:meta_key><![CDATA[_elementor_page_assets]]></wp:meta_key>
		<wp:meta_value><![CDATA[a:0:{}]]></wp:meta_value>
		</wp:postmeta>
							<wp:postmeta>
		<wp:meta_key><![CDATA[_yoast_wpseo_estimated-reading-time-minutes]]></wp:meta_key>
		<wp:meta_value><![CDATA[4]]></wp:meta_value>
		</wp:postmeta>
							<wp:postmeta>
		<wp:meta_key><![CDATA[_yoast_wpseo_content_score]]></wp:meta_key>
		<wp:meta_value><![CDATA[90]]></wp:meta_value>
		</wp:postmeta>
							<wp:postmeta>
		<wp:meta_key><![CDATA[_elementor_controls_usage]]></wp:meta_key>
		<wp:meta_value><![CDATA[a:3:{s:9:"user-grid";a:3:{s:5:"count";i:1;s:15:"control_percent";i:0;s:8:"controls";a:0:{}}s:6:"column";a:3:{s:5:"count";i:1;s:15:"control_percent";i:0;s:8:"controls";a:1:{s:6:"layout";a:1:{s:6:"layout";a:1:{s:12:"_inline_size";i:1;}}}}s:7:"section";a:3:{s:5:"count";i:1;s:15:"control_percent";i:2;s:8:"controls";a:2:{s:6:"layout";a:1:{s:14:"section_layout";a:4:{s:8:"html_tag";i:1;s:8:"overflow";i:1;s:6:"layout";i:1;s:3:"gap";i:1;}}s:8:"advanced";a:1:{s:16:"section_advanced";a:2:{s:6:"margin";i:1;s:7:"padding";i:1;}}}}}]]></wp:meta_value>
		</wp:postmeta>
							</item>
					<item>
		<title><![CDATA[Blog]]></title>
		<link>https://streamtube.org/demo/fullwidth/blog/</link>
		<pubDate>Wed, 18 Aug 2021 15:36:29 +0000</pubDate>
		<dc:creator><![CDATA[admin]]></dc:creator>
		<guid isPermaLink="false">https://streamtube.org/demo/fullwidth/?page_id=109</guid>
		<description></description>
		<content:encoded><![CDATA[]]></content:encoded>
		<excerpt:encoded><![CDATA[]]></excerpt:encoded>
		<wp:post_id>109</wp:post_id>
		<wp:post_date><![CDATA[2021-08-18 15:36:29]]></wp:post_date>
		<wp:post_date_gmt><![CDATA[2021-08-18 15:36:29]]></wp:post_date_gmt>
		<wp:post_modified><![CDATA[2021-08-18 15:36:29]]></wp:post_modified>
		<wp:post_modified_gmt><![CDATA[2021-08-18 15:36:29]]></wp:post_modified_gmt>
		<wp:comment_status><![CDATA[closed]]></wp:comment_status>
		<wp:ping_status><![CDATA[closed]]></wp:ping_status>
		<wp:post_name><![CDATA[blog]]></wp:post_name>
		<wp:status><![CDATA[publish]]></wp:status>
		<wp:post_parent>0</wp:post_parent>
		<wp:menu_order>0</wp:menu_order>
		<wp:post_type><![CDATA[page]]></wp:post_type>
		<wp:post_password><![CDATA[]]></wp:post_password>
		<wp:is_sticky>0</wp:is_sticky>
														</item>
					<item>
		<title><![CDATA[Home 1]]></title>
		<link>https://streamtube.org/demo/fullwidth/home-1/</link>
		<pubDate>Sun, 29 Aug 2021 04:50:50 +0000</pubDate>
		<dc:creator><![CDATA[admin]]></dc:creator>
		<guid isPermaLink="false">https://streamtube.org/demo/fullwidth/?page_id=877</guid>
		<description></description>
		<content:encoded><![CDATA[]]></content:encoded>
		<excerpt:encoded><![CDATA[]]></excerpt:encoded>
		<wp:post_id>877</wp:post_id>
		<wp:post_date><![CDATA[2021-08-29 04:50:50]]></wp:post_date>
		<wp:post_date_gmt><![CDATA[2021-08-29 04:50:50]]></wp:post_date_gmt>
		<wp:post_modified><![CDATA[2021-10-28 15:00:45]]></wp:post_modified>
		<wp:post_modified_gmt><![CDATA[2021-10-28 15:00:45]]></wp:post_modified_gmt>
		<wp:comment_status><![CDATA[closed]]></wp:comment_status>
		<wp:ping_status><![CDATA[closed]]></wp:ping_status>
		<wp:post_name><![CDATA[home-1]]></wp:post_name>
		<wp:status><![CDATA[publish]]></wp:status>
		<wp:post_parent>0</wp:post_parent>
		<wp:menu_order>0</wp:menu_order>
		<wp:post_type><![CDATA[page]]></wp:post_type>
		<wp:post_password><![CDATA[]]></wp:post_password>
		<wp:is_sticky>0</wp:is_sticky>
														<wp:postmeta>
		<wp:meta_key><![CDATA[_edit_last]]></wp:meta_key>
		<wp:meta_value><![CDATA[1]]></wp:meta_value>
		</wp:postmeta>
							<wp:postmeta>
		<wp:meta_key><![CDATA[_yoast_wpseo_estimated-reading-time-minutes]]></wp:meta_key>
		<wp:meta_value><![CDATA[13]]></wp:meta_value>
		</wp:postmeta>
							<wp:postmeta>
		<wp:meta_key><![CDATA[_elementor_edit_mode]]></wp:meta_key>
		<wp:meta_value><![CDATA[builder]]></wp:meta_value>
		</wp:postmeta>
							<wp:postmeta>
		<wp:meta_key><![CDATA[_elementor_template_type]]></wp:meta_key>
		<wp:meta_value><![CDATA[wp-page]]></wp:meta_value>
		</wp:postmeta>
							<wp:postmeta>
		<wp:meta_key><![CDATA[_elementor_version]]></wp:meta_key>
		<wp:meta_value><![CDATA[3.4.5]]></wp:meta_value>
		</wp:postmeta>
							<wp:postmeta>
		<wp:meta_key><![CDATA[_wp_page_template]]></wp:meta_key>
		<wp:meta_value><![CDATA[page-templates/page-builder-fullwidth.php]]></wp:meta_value>
		</wp:postmeta>
							<wp:postmeta>
		<wp:meta_key><![CDATA[_elementor_data]]></wp:meta_key>
		<wp:meta_value><![CDATA[[{"id":"da4578e","elType":"section","settings":{"layout":"full_width","gap":"no","html_tag":"div","margin":{"unit":"rem","top":"0","right":0,"bottom":"1.5","left":0,"isLinked":false}},"elements":[{"id":"e43e335","elType":"column","settings":{"_column_size":100,"_inline_size":null},"elements":[{"id":"e15bde3","elType":"widget","settings":{"thumbnail_size":"full","tax_query_categories":[],"tax_query_video_tag":["featured"],"author_name":"yes","height":600,"show_post_date":"","show_post_comment":"yes"},"elements":[],"widgetType":"flat-posts"}],"isInner":false}],"isInner":false},{"id":"3c9b6ec","elType":"section","settings":{"layout":"full_width","html_tag":"div","structure":"22","margin":{"unit":"rem","top":"0","right":0,"bottom":"0","left":0,"isLinked":false},"padding":{"unit":"rem","top":"0","right":"0.75","bottom":"0","left":"0.75","isLinked":false},"padding_tablet":{"unit":"rem","top":"0","right":"0.75","bottom":"0","left":"0.75","isLinked":false},"padding_mobile":{"unit":"rem","top":"0","right":"0","bottom":"0","left":"0","isLinked":true}},"elements":[{"id":"f6d5f5b","elType":"column","settings":{"_column_size":66,"_inline_size":null,"_inline_size_tablet":100,"_inline_size_mobile":100,"margin":{"unit":"rem","top":"0","right":"0","bottom":"0","left":"0","isLinked":false}},"elements":[{"id":"6cdccce","elType":"widget","settings":{"title":"Review","posts_per_page":3,"more_link":"yes","more_link_url":"https:\/\/streamtube.marstheme.com\/video_tag\/review\/","tax_query_categories":[],"tax_query_video_tag":["review"],"orderby":"modified","thumbnail_size":"size-560-315","show_post_date":"diff","col_xxl":3,"col_xl":3,"col_lg":3,"col_md":3,"col_sm":3,"author_avatar":"yes"},"elements":[],"widgetType":"streamtube_posts_elementor"},{"id":"13eb869","elType":"widget","settings":{"title":"Gaming","posts_per_page":3,"more_link":"yes","more_link_url":"https:\/\/streamtube.marstheme.com\/categories\/gaming\/","tax_query_categories":["gaming"],"thumbnail_size":"size-560-315","show_post_date":"diff","col_xxl":3,"col_xl":3,"col_lg":3,"col_md":3,"col_sm":3,"author_avatar":"yes"},"elements":[],"widgetType":"streamtube_posts_elementor"},{"id":"e456138","elType":"widget","settings":{"title":"Music","posts_per_page":3,"more_link":"yes","more_link_url":"https:\/\/streamtube.marstheme.com\/categories\/music\/","tax_query_categories":["music"],"thumbnail_size":"size-560-315","show_post_date":"diff","col_xxl":3,"col_xl":3,"col_lg":3,"col_md":3,"col_sm":3,"author_avatar":"yes"},"elements":[],"widgetType":"streamtube_posts_elementor"},{"id":"0e23f67","elType":"widget","settings":{"title":"Travel","posts_per_page":3,"more_link":"yes","more_link_url":"https:\/\/streamtube.marstheme.com\/categories\/travel\/","tax_query_categories":["travel"],"thumbnail_size":"size-560-315","show_post_date":"diff","col_xxl":3,"col_xl":3,"col_lg":3,"col_md":3,"col_sm":3,"author_avatar":"yes"},"elements":[],"widgetType":"streamtube_posts_elementor"},{"id":"8ac2f98","elType":"widget","settings":{"title":"Sports","posts_per_page":3,"more_link":"yes","more_link_url":"https:\/\/streamtube.marstheme.com\/categories\/sports\/","tax_query_categories":["sports"],"thumbnail_size":"size-560-315","show_post_date":"diff","col_xxl":3,"col_xl":3,"col_lg":3,"col_md":3,"col_sm":3,"author_avatar":"yes"},"elements":[],"widgetType":"streamtube_posts_elementor"},{"id":"4ea5a7f","elType":"widget","settings":{"title":"Latest Videos","posts_per_page":6,"pagination":"click","author_avatar":"yes","tax_query_categories":[],"thumbnail_size":"size-560-315","show_post_date":"diff","col_xxl":3,"col_xl":3,"col_lg":3,"col_md":3,"col_sm":2},"elements":[],"widgetType":"streamtube_posts_elementor"}],"isInner":false},{"id":"fb1cda6","elType":"column","settings":{"_column_size":33,"_inline_size":null,"_inline_size_tablet":100,"_inline_size_mobile":100,"css_classes":"sidebar-primary"},"elements":[{"id":"8be4d8c","elType":"widget","settings":{"sidebar":"sidebar-1"},"elements":[],"widgetType":"sidebar"}],"isInner":false}],"isInner":false}]]]></wp:meta_value>
		</wp:postmeta>
							<wp:postmeta>
		<wp:meta_key><![CDATA[_elementor_page_assets]]></wp:meta_key>
		<wp:meta_value><![CDATA[a:0:{}]]></wp:meta_value>
		</wp:postmeta>
							<wp:postmeta>
		<wp:meta_key><![CDATA[_yoast_wpseo_content_score]]></wp:meta_key>
		<wp:meta_value><![CDATA[90]]></wp:meta_value>
		</wp:postmeta>
							<wp:postmeta>
		<wp:meta_key><![CDATA[_elementor_controls_usage]]></wp:meta_key>
		<wp:meta_value><![CDATA[a:5:{s:10:"flat-posts";a:3:{s:5:"count";i:1;s:15:"control_percent";i:3;s:8:"controls";a:1:{s:7:"content";a:2:{s:18:"section-appearance";a:3:{s:14:"thumbnail_size";i:1;s:14:"show_post_date";i:1;s:17:"show_post_comment";i:1;}s:18:"section-datasource";a:2:{s:20:"tax_query_categories";i:1;s:19:"tax_query_video_tag";i:1;}}}}s:6:"column";a:3:{s:5:"count";i:3;s:15:"control_percent";i:1;s:8:"controls";a:2:{s:6:"layout";a:1:{s:6:"layout";a:1:{s:12:"_inline_size";i:3;}}s:8:"advanced";a:1:{s:16:"section_advanced";a:2:{s:6:"margin";i:1;s:11:"css_classes";i:1;}}}}s:7:"section";a:3:{s:5:"count";i:2;s:15:"control_percent";i:2;s:8:"controls";a:2:{s:6:"layout";a:2:{s:14:"section_layout";a:3:{s:6:"layout";i:2;s:3:"gap";i:1;s:8:"html_tag";i:2;}s:17:"section_structure";a:1:{s:9:"structure";i:1;}}s:8:"advanced";a:1:{s:16:"section_advanced";a:2:{s:6:"margin";i:2;s:7:"padding";i:1;}}}}s:26:"streamtube_posts_elementor";a:3:{s:5:"count";i:6;s:15:"control_percent";i:6;s:8:"controls";a:1:{s:7:"content";a:4:{s:18:"section-appearance";a:8:{s:5:"title";i:6;s:14:"posts_per_page";i:6;s:9:"more_link";i:5;s:13:"more_link_url";i:5;s:14:"thumbnail_size";i:6;s:14:"show_post_date";i:6;s:13:"author_avatar";i:6;s:10:"pagination";i:1;}s:18:"section-datasource";a:2:{s:20:"tax_query_categories";i:6;s:19:"tax_query_video_tag";i:1;}s:13:"section-order";a:1:{s:7:"orderby";i:1;}s:14:"section-layout";a:5:{s:7:"col_xxl";i:6;s:6:"col_xl";i:6;s:6:"col_lg";i:6;s:6:"col_md";i:6;s:6:"col_sm";i:6;}}}}s:7:"sidebar";a:3:{s:5:"count";i:1;s:15:"control_percent";i:1;s:8:"controls";a:1:{s:7:"content";a:1:{s:15:"section_sidebar";a:1:{s:7:"sidebar";i:1;}}}}}]]></wp:meta_value>
		</wp:postmeta>
							</item>
					<item>
		<title><![CDATA[Home 5]]></title>
		<link>https://streamtube.org/demo/fullwidth/home-5/</link>
		<pubDate>Tue, 07 Sep 2021 03:55:21 +0000</pubDate>
		<dc:creator><![CDATA[admin]]></dc:creator>
		<guid isPermaLink="false">https://streamtube.org/demo/fullwidth/?page_id=1409</guid>
		<description></description>
		<content:encoded><![CDATA[]]></content:encoded>
		<excerpt:encoded><![CDATA[]]></excerpt:encoded>
		<wp:post_id>1409</wp:post_id>
		<wp:post_date><![CDATA[2021-09-07 03:55:21]]></wp:post_date>
		<wp:post_date_gmt><![CDATA[2021-09-07 03:55:21]]></wp:post_date_gmt>
		<wp:post_modified><![CDATA[2021-10-28 15:13:31]]></wp:post_modified>
		<wp:post_modified_gmt><![CDATA[2021-10-28 15:13:31]]></wp:post_modified_gmt>
		<wp:comment_status><![CDATA[closed]]></wp:comment_status>
		<wp:ping_status><![CDATA[closed]]></wp:ping_status>
		<wp:post_name><![CDATA[home-5]]></wp:post_name>
		<wp:status><![CDATA[publish]]></wp:status>
		<wp:post_parent>0</wp:post_parent>
		<wp:menu_order>0</wp:menu_order>
		<wp:post_type><![CDATA[page]]></wp:post_type>
		<wp:post_password><![CDATA[]]></wp:post_password>
		<wp:is_sticky>0</wp:is_sticky>
														<wp:postmeta>
		<wp:meta_key><![CDATA[_edit_last]]></wp:meta_key>
		<wp:meta_value><![CDATA[1]]></wp:meta_value>
		</wp:postmeta>
							<wp:postmeta>
		<wp:meta_key><![CDATA[_yoast_wpseo_estimated-reading-time-minutes]]></wp:meta_key>
		<wp:meta_value><![CDATA[18]]></wp:meta_value>
		</wp:postmeta>
							<wp:postmeta>
		<wp:meta_key><![CDATA[_elementor_edit_mode]]></wp:meta_key>
		<wp:meta_value><![CDATA[builder]]></wp:meta_value>
		</wp:postmeta>
							<wp:postmeta>
		<wp:meta_key><![CDATA[_elementor_template_type]]></wp:meta_key>
		<wp:meta_value><![CDATA[wp-page]]></wp:meta_value>
		</wp:postmeta>
							<wp:postmeta>
		<wp:meta_key><![CDATA[_elementor_version]]></wp:meta_key>
		<wp:meta_value><![CDATA[3.4.5]]></wp:meta_value>
		</wp:postmeta>
							<wp:postmeta>
		<wp:meta_key><![CDATA[_wp_page_template]]></wp:meta_key>
		<wp:meta_value><![CDATA[page-templates/page-builder-fullwidth.php]]></wp:meta_value>
		</wp:postmeta>
							<wp:postmeta>
		<wp:meta_key><![CDATA[_elementor_data]]></wp:meta_key>
		<wp:meta_value><![CDATA[[{"id":"da4578e","elType":"section","settings":{"layout":"full_width","margin":{"unit":"rem","top":"0","right":0,"bottom":"1.5","left":0,"isLinked":false},"html_tag":"div","background_color":"#111111","padding":{"unit":"px","top":"0","right":"0","bottom":"0","left":"0","isLinked":true},"content_width":{"unit":"px","size":1600,"sizes":[]},"background_color_b":"#0F0F0F","background_gradient_angle":{"unit":"deg","size":50,"sizes":[]},"background_overlay_color":"#3F4345","background_overlay_color_b":"#000000","background_overlay_image":{"url":"https:\/\/streamtube.marstheme.com\/wp-content\/uploads\/2021\/08\/travel-12.jpg","id":591,"alt":"","source":"library"},"background_overlay_opacity":{"unit":"px","size":0.729999999999999982236431605997495353221893310546875,"sizes":[]},"__globals__":{"background_overlay_color":""},"gap":"no"},"elements":[{"id":"e43e335","elType":"column","settings":{"_column_size":100,"_inline_size":100},"elements":[{"id":"80827a4","elType":"widget","settings":{"posts_per_page":20,"thumbnail_size":"large","title_size":"md","margin":"","overlay":"yes","col_xxl":2,"col_xl":2,"slide":"yes","slide_arrows":"yes","slide_center_mode":"yes","slide_infinite":"yes","tax_query_video_tag":["featured"],"margin_bottom":0,"col_lg":1,"col_md":1,"show_post_date":"diff"},"elements":[],"widgetType":"streamtube_posts_elementor"}],"isInner":false}],"isInner":false},{"id":"77d095b","elType":"section","settings":{"structure":"22","margin":{"unit":"px","top":"0","right":0,"bottom":"0","left":0,"isLinked":false},"content_width":{"unit":"px","size":1400,"sizes":[]},"padding_tablet":{"unit":"rem","top":"0","right":"0.75","bottom":"0","left":"0.75","isLinked":false},"padding_mobile":{"unit":"rem","top":"0","right":"0","bottom":"0","left":"0","isLinked":true},"padding":{"unit":"rem","top":"0","right":"0.75","bottom":"0","left":"0.75","isLinked":false}},"elements":[{"id":"d2c7149","elType":"column","settings":{"_column_size":66,"_inline_size":70,"_inline_size_tablet":100,"margin":{"unit":"rem","top":"0","right":"0","bottom":"0","left":"0","isLinked":false}},"elements":[{"id":"4ea5a7f","elType":"widget","settings":{"title":"Latest Videos","pagination":"click","tax_query_categories":[],"thumbnail_size":"size-560-315","col_xxl":1,"col_xl":1,"post_excerpt_length":20,"layout":"list_xxl","title_size":"md","col_lg":1,"show_author_name":""},"elements":[],"widgetType":"streamtube_posts_elementor"}],"isInner":false},{"id":"7506f5a","elType":"column","settings":{"_column_size":33,"_inline_size":29.1580000000000012505552149377763271331787109375,"_inline_size_tablet":100,"css_classes":"sidebar-primary"},"elements":[{"id":"22d8cc8","elType":"widget","settings":{"sidebar":"sidebar-1"},"elements":[],"widgetType":"sidebar"}],"isInner":false}],"isInner":false}]]]></wp:meta_value>
		</wp:postmeta>
							<wp:postmeta>
		<wp:meta_key><![CDATA[_elementor_page_assets]]></wp:meta_key>
		<wp:meta_value><![CDATA[a:0:{}]]></wp:meta_value>
		</wp:postmeta>
							<wp:postmeta>
		<wp:meta_key><![CDATA[_yoast_wpseo_content_score]]></wp:meta_key>
		<wp:meta_value><![CDATA[90]]></wp:meta_value>
		</wp:postmeta>
							<wp:postmeta>
		<wp:meta_key><![CDATA[_elementor_controls_usage]]></wp:meta_key>
		<wp:meta_value><![CDATA[a:4:{s:26:"streamtube_posts_elementor";a:3:{s:5:"count";i:2;s:15:"control_percent";i:5;s:8:"controls";a:1:{s:7:"content";a:4:{s:18:"section-appearance";a:7:{s:14:"posts_per_page";i:1;s:14:"thumbnail_size";i:2;s:14:"show_post_date";i:1;s:5:"title";i:1;s:10:"pagination";i:1;s:19:"post_excerpt_length";i:1;s:16:"show_author_name";i:1;}s:14:"section-layout";a:9:{s:10:"title_size";i:2;s:6:"margin";i:1;s:7:"overlay";i:1;s:7:"col_xxl";i:2;s:6:"col_xl";i:2;s:13:"margin_bottom";i:1;s:6:"col_lg";i:2;s:6:"col_md";i:1;s:6:"layout";i:1;}s:13:"section-slide";a:4:{s:5:"slide";i:1;s:12:"slide_arrows";i:1;s:17:"slide_center_mode";i:1;s:14:"slide_infinite";i:1;}s:18:"section-datasource";a:2:{s:19:"tax_query_video_tag";i:1;s:20:"tax_query_categories";i:1;}}}}s:6:"column";a:3:{s:5:"count";i:3;s:15:"control_percent";i:1;s:8:"controls";a:2:{s:6:"layout";a:1:{s:6:"layout";a:1:{s:12:"_inline_size";i:3;}}s:8:"advanced";a:1:{s:16:"section_advanced";a:2:{s:6:"margin";i:1;s:11:"css_classes";i:1;}}}}s:7:"section";a:3:{s:5:"count";i:2;s:15:"control_percent";i:2;s:8:"controls";a:3:{s:6:"layout";a:2:{s:14:"section_layout";a:4:{s:6:"layout";i:1;s:8:"html_tag";i:1;s:13:"content_width";i:2;s:3:"gap";i:1;}s:17:"section_structure";a:1:{s:9:"structure";i:1;}}s:8:"advanced";a:1:{s:16:"section_advanced";a:2:{s:6:"margin";i:2;s:7:"padding";i:2;}}s:5:"style";a:2:{s:18:"section_background";a:3:{s:16:"background_color";i:1;s:18:"background_color_b";i:1;s:25:"background_gradient_angle";i:1;}s:26:"section_background_overlay";a:4:{s:24:"background_overlay_color";i:1;s:26:"background_overlay_color_b";i:1;s:24:"background_overlay_image";i:1;s:26:"background_overlay_opacity";i:1;}}}}s:7:"sidebar";a:3:{s:5:"count";i:1;s:15:"control_percent";i:1;s:8:"controls";a:1:{s:7:"content";a:1:{s:15:"section_sidebar";a:1:{s:7:"sidebar";i:1;}}}}}]]></wp:meta_value>
		</wp:postmeta>
							</item>
					<item>
		<title><![CDATA[Home 2]]></title>
		<link>https://streamtube.org/demo/fullwidth/home-2/</link>
		<pubDate>Wed, 08 Sep 2021 03:01:27 +0000</pubDate>
		<dc:creator><![CDATA[admin]]></dc:creator>
		<guid isPermaLink="false">https://streamtube.org/demo/fullwidth/?page_id=1714</guid>
		<description></description>
		<content:encoded><![CDATA[]]></content:encoded>
		<excerpt:encoded><![CDATA[]]></excerpt:encoded>
		<wp:post_id>1714</wp:post_id>
		<wp:post_date><![CDATA[2021-09-08 03:01:27]]></wp:post_date>
		<wp:post_date_gmt><![CDATA[2021-09-08 03:01:27]]></wp:post_date_gmt>
		<wp:post_modified><![CDATA[2021-10-28 15:03:47]]></wp:post_modified>
		<wp:post_modified_gmt><![CDATA[2021-10-28 15:03:47]]></wp:post_modified_gmt>
		<wp:comment_status><![CDATA[closed]]></wp:comment_status>
		<wp:ping_status><![CDATA[closed]]></wp:ping_status>
		<wp:post_name><![CDATA[home-2]]></wp:post_name>
		<wp:status><![CDATA[publish]]></wp:status>
		<wp:post_parent>0</wp:post_parent>
		<wp:menu_order>0</wp:menu_order>
		<wp:post_type><![CDATA[page]]></wp:post_type>
		<wp:post_password><![CDATA[]]></wp:post_password>
		<wp:is_sticky>0</wp:is_sticky>
														<wp:postmeta>
		<wp:meta_key><![CDATA[_edit_last]]></wp:meta_key>
		<wp:meta_value><![CDATA[1]]></wp:meta_value>
		</wp:postmeta>
							<wp:postmeta>
		<wp:meta_key><![CDATA[_yoast_wpseo_estimated-reading-time-minutes]]></wp:meta_key>
		<wp:meta_value><![CDATA[23]]></wp:meta_value>
		</wp:postmeta>
							<wp:postmeta>
		<wp:meta_key><![CDATA[_elementor_edit_mode]]></wp:meta_key>
		<wp:meta_value><![CDATA[builder]]></wp:meta_value>
		</wp:postmeta>
							<wp:postmeta>
		<wp:meta_key><![CDATA[_elementor_template_type]]></wp:meta_key>
		<wp:meta_value><![CDATA[wp-page]]></wp:meta_value>
		</wp:postmeta>
							<wp:postmeta>
		<wp:meta_key><![CDATA[_elementor_version]]></wp:meta_key>
		<wp:meta_value><![CDATA[3.4.5]]></wp:meta_value>
		</wp:postmeta>
							<wp:postmeta>
		<wp:meta_key><![CDATA[_wp_page_template]]></wp:meta_key>
		<wp:meta_value><![CDATA[page-templates/page-builder-fullwidth.php]]></wp:meta_value>
		</wp:postmeta>
							<wp:postmeta>
		<wp:meta_key><![CDATA[_elementor_data]]></wp:meta_key>
		<wp:meta_value><![CDATA[[{"id":"da4578e","elType":"section","settings":{"layout":"full_width","gap":"no","html_tag":"div","margin":{"unit":"rem","top":"0","right":0,"bottom":"1.5","left":0,"isLinked":false}},"elements":[{"id":"e43e335","elType":"column","settings":{"_column_size":100,"_inline_size":null},"elements":[{"id":"3cd3501","elType":"widget","settings":{"thumbnail_size":"large","height":600,"tax_query_video_tag":["featured"],"show_post_date":"","show_post_comment":"yes"},"elements":[],"widgetType":"flat-posts"}],"isInner":false}],"isInner":false},{"id":"3c9b6ec","elType":"section","settings":{"layout":"full_width","html_tag":"div","structure":"22","margin":{"unit":"rem","top":"0","right":0,"bottom":"0","left":0,"isLinked":false},"padding":{"unit":"rem","top":"0","right":"0.75","bottom":"0","left":"0.75","isLinked":false},"padding_mobile":{"unit":"rem","top":"0","right":"0","bottom":"0","left":"0","isLinked":true}},"elements":[{"id":"f6d5f5b","elType":"column","settings":{"_column_size":66,"_inline_size":null,"_inline_size_tablet":100,"_inline_size_mobile":100,"margin":{"unit":"rem","top":"0","right":"0","bottom":"0","left":"0","isLinked":false}},"elements":[{"id":"6cdccce","elType":"widget","settings":{"title":"Review","posts_per_page":3,"more_link":"yes","more_link_url":"https:\/\/streamtube.marstheme.com\/video_tag\/review\/","tax_query_categories":[],"tax_query_video_tag":["review"],"orderby":"modified","thumbnail_size":"size-560-315","show_post_date":"diff","col_xxl":3,"col_xl":3,"col_lg":3,"col_md":3,"col_sm":3,"author_avatar":"yes"},"elements":[],"widgetType":"streamtube_posts_elementor"},{"id":"13eb869","elType":"widget","settings":{"title":"Gaming","posts_per_page":12,"more_link":"yes","more_link_url":"https:\/\/streamtube.marstheme.com\/categories\/gaming\/","tax_query_categories":["gaming"],"thumbnail_size":"size-560-315","show_post_date":"diff","col_xxl":2,"col_xl":2,"col_sm":2,"slide":"yes","slide_rows":1,"slide_arrows":"yes","slide_infinite":"yes","author_avatar":"yes"},"elements":[],"widgetType":"streamtube_posts_elementor"},{"id":"e456138","elType":"widget","settings":{"title":"Music","posts_per_page":3,"more_link":"yes","more_link_url":"https:\/\/streamtube.marstheme.com\/categories\/music\/","tax_query_categories":["music"],"thumbnail_size":"size-560-315","show_post_date":"diff","col_xxl":3,"col_xl":3,"col_lg":3,"col_md":3,"col_sm":3,"author_avatar":"yes"},"elements":[],"widgetType":"streamtube_posts_elementor"},{"id":"0e23f67","elType":"widget","settings":{"title":"Travel","posts_per_page":3,"more_link":"yes","more_link_url":"https:\/\/streamtube.marstheme.com\/categories\/travel\/","tax_query_categories":["travel"],"thumbnail_size":"size-560-315","show_post_date":"diff","col_xxl":1,"col_xl":1,"col_lg":1,"col_md":1,"post_excerpt_length":20,"layout":"list_xl","avatar_size":"sm"},"elements":[],"widgetType":"streamtube_posts_elementor"},{"id":"8ac2f98","elType":"widget","settings":{"title":"Sports","posts_per_page":3,"more_link":"yes","more_link_url":"https:\/\/streamtube.marstheme.com\/categories\/sports\/","tax_query_categories":["sports"],"thumbnail_size":"size-560-315","show_post_date":"diff","col_xxl":3,"col_xl":3,"col_lg":3,"col_md":3,"col_sm":3,"author_avatar":"yes"},"elements":[],"widgetType":"streamtube_posts_elementor"},{"id":"4ea5a7f","elType":"widget","settings":{"title":"Latest Videos","posts_per_page":6,"pagination":"click","author_avatar":"yes","tax_query_categories":[],"thumbnail_size":"size-560-315","show_post_date":"diff","col_xxl":3,"col_xl":3,"col_lg":3,"col_md":3,"col_sm":2},"elements":[],"widgetType":"streamtube_posts_elementor"}],"isInner":false},{"id":"fb1cda6","elType":"column","settings":{"_column_size":33,"_inline_size":null,"_inline_size_tablet":100,"_inline_size_mobile":100,"css_classes":"sidebar-primary"},"elements":[{"id":"8be4d8c","elType":"widget","settings":{"sidebar":"sidebar-1"},"elements":[],"widgetType":"sidebar"}],"isInner":false}],"isInner":false}]]]></wp:meta_value>
		</wp:postmeta>
							<wp:postmeta>
		<wp:meta_key><![CDATA[_elementor_page_assets]]></wp:meta_key>
		<wp:meta_value><![CDATA[a:0:{}]]></wp:meta_value>
		</wp:postmeta>
							<wp:postmeta>
		<wp:meta_key><![CDATA[_yoast_wpseo_content_score]]></wp:meta_key>
		<wp:meta_value><![CDATA[90]]></wp:meta_value>
		</wp:postmeta>
							<wp:postmeta>
		<wp:meta_key><![CDATA[_elementor_controls_usage]]></wp:meta_key>
		<wp:meta_value><![CDATA[a:5:{s:10:"flat-posts";a:3:{s:5:"count";i:1;s:15:"control_percent";i:2;s:8:"controls";a:1:{s:7:"content";a:2:{s:18:"section-datasource";a:1:{s:19:"tax_query_video_tag";i:1;}s:18:"section-appearance";a:2:{s:14:"show_post_date";i:1;s:17:"show_post_comment";i:1;}}}}s:6:"column";a:3:{s:5:"count";i:3;s:15:"control_percent";i:1;s:8:"controls";a:2:{s:6:"layout";a:1:{s:6:"layout";a:1:{s:12:"_inline_size";i:3;}}s:8:"advanced";a:1:{s:16:"section_advanced";a:2:{s:6:"margin";i:1;s:11:"css_classes";i:1;}}}}s:7:"section";a:3:{s:5:"count";i:2;s:15:"control_percent";i:2;s:8:"controls";a:2:{s:6:"layout";a:2:{s:14:"section_layout";a:3:{s:6:"layout";i:2;s:3:"gap";i:1;s:8:"html_tag";i:2;}s:17:"section_structure";a:1:{s:9:"structure";i:1;}}s:8:"advanced";a:1:{s:16:"section_advanced";a:2:{s:6:"margin";i:2;s:7:"padding";i:1;}}}}s:26:"streamtube_posts_elementor";a:3:{s:5:"count";i:6;s:15:"control_percent";i:6;s:8:"controls";a:1:{s:7:"content";a:5:{s:18:"section-appearance";a:10:{s:5:"title";i:6;s:14:"posts_per_page";i:6;s:9:"more_link";i:5;s:13:"more_link_url";i:5;s:14:"thumbnail_size";i:6;s:14:"show_post_date";i:6;s:13:"author_avatar";i:5;s:19:"post_excerpt_length";i:1;s:11:"avatar_size";i:1;s:10:"pagination";i:1;}s:18:"section-datasource";a:2:{s:20:"tax_query_categories";i:6;s:19:"tax_query_video_tag";i:1;}s:13:"section-order";a:1:{s:7:"orderby";i:1;}s:14:"section-layout";a:6:{s:7:"col_xxl";i:6;s:6:"col_xl";i:6;s:6:"col_lg";i:5;s:6:"col_md";i:5;s:6:"col_sm";i:5;s:6:"layout";i:1;}s:13:"section-slide";a:4:{s:5:"slide";i:1;s:10:"slide_rows";i:1;s:12:"slide_arrows";i:1;s:14:"slide_infinite";i:1;}}}}s:7:"sidebar";a:3:{s:5:"count";i:1;s:15:"control_percent";i:1;s:8:"controls";a:1:{s:7:"content";a:1:{s:15:"section_sidebar";a:1:{s:7:"sidebar";i:1;}}}}}]]></wp:meta_value>
		</wp:postmeta>
							</item>
					<item>
		<title><![CDATA[Home 3]]></title>
		<link>https://streamtube.org/demo/fullwidth/home-3/</link>
		<pubDate>Wed, 08 Sep 2021 03:45:08 +0000</pubDate>
		<dc:creator><![CDATA[admin]]></dc:creator>
		<guid isPermaLink="false">https://streamtube.org/demo/fullwidth/?page_id=1749</guid>
		<description></description>
		<content:encoded><![CDATA[]]></content:encoded>
		<excerpt:encoded><![CDATA[]]></excerpt:encoded>
		<wp:post_id>1749</wp:post_id>
		<wp:post_date><![CDATA[2021-09-08 03:45:08]]></wp:post_date>
		<wp:post_date_gmt><![CDATA[2021-09-08 03:45:08]]></wp:post_date_gmt>
		<wp:post_modified><![CDATA[2021-10-28 15:05:52]]></wp:post_modified>
		<wp:post_modified_gmt><![CDATA[2021-10-28 15:05:52]]></wp:post_modified_gmt>
		<wp:comment_status><![CDATA[closed]]></wp:comment_status>
		<wp:ping_status><![CDATA[closed]]></wp:ping_status>
		<wp:post_name><![CDATA[home-3]]></wp:post_name>
		<wp:status><![CDATA[publish]]></wp:status>
		<wp:post_parent>0</wp:post_parent>
		<wp:menu_order>0</wp:menu_order>
		<wp:post_type><![CDATA[page]]></wp:post_type>
		<wp:post_password><![CDATA[]]></wp:post_password>
		<wp:is_sticky>0</wp:is_sticky>
														<wp:postmeta>
		<wp:meta_key><![CDATA[_edit_last]]></wp:meta_key>
		<wp:meta_value><![CDATA[1]]></wp:meta_value>
		</wp:postmeta>
							<wp:postmeta>
		<wp:meta_key><![CDATA[_yoast_wpseo_estimated-reading-time-minutes]]></wp:meta_key>
		<wp:meta_value><![CDATA[21]]></wp:meta_value>
		</wp:postmeta>
							<wp:postmeta>
		<wp:meta_key><![CDATA[_elementor_edit_mode]]></wp:meta_key>
		<wp:meta_value><![CDATA[builder]]></wp:meta_value>
		</wp:postmeta>
							<wp:postmeta>
		<wp:meta_key><![CDATA[_elementor_template_type]]></wp:meta_key>
		<wp:meta_value><![CDATA[wp-page]]></wp:meta_value>
		</wp:postmeta>
							<wp:postmeta>
		<wp:meta_key><![CDATA[_elementor_version]]></wp:meta_key>
		<wp:meta_value><![CDATA[3.4.5]]></wp:meta_value>
		</wp:postmeta>
							<wp:postmeta>
		<wp:meta_key><![CDATA[_wp_page_template]]></wp:meta_key>
		<wp:meta_value><![CDATA[page-templates/page-builder-fullwidth.php]]></wp:meta_value>
		</wp:postmeta>
							<wp:postmeta>
		<wp:meta_key><![CDATA[_elementor_data]]></wp:meta_key>
		<wp:meta_value><![CDATA[[{"id":"da4578e","elType":"section","settings":{"layout":"full_width","gap":"no","html_tag":"div","margin":{"unit":"rem","top":"0","right":0,"bottom":"1.5","left":0,"isLinked":false}},"elements":[{"id":"e43e335","elType":"column","settings":{"_column_size":100,"_inline_size":null},"elements":[{"id":"044ec9c","elType":"widget","settings":{"posts_per_page":15,"thumbnail_size":"large","margin":"","margin_bottom":0,"overlay":"yes","col_xxl":2,"col_xl":2,"slide":"yes","slide_arrows":"yes","slide_center_mode":"yes","slide_infinite":"yes","tax_query_video_tag":["featured"],"title_size":"md","col_lg":1,"col_md":1,"show_post_date":"diff"},"elements":[],"widgetType":"streamtube_posts_elementor"}],"isInner":false}],"isInner":false},{"id":"3c9b6ec","elType":"section","settings":{"layout":"full_width","html_tag":"div","structure":"22","margin":{"unit":"rem","top":"0","right":0,"bottom":"0","left":0,"isLinked":false},"padding":{"unit":"rem","top":"0","right":"0.75","bottom":"0","left":"0.75","isLinked":false},"padding_mobile":{"unit":"rem","top":"0","right":"0","bottom":"0","left":"0","isLinked":true}},"elements":[{"id":"f6d5f5b","elType":"column","settings":{"_column_size":66,"_inline_size":null,"_inline_size_tablet":100,"_inline_size_mobile":100,"margin":{"unit":"rem","top":"0","right":"0","bottom":"0","left":"0","isLinked":false}},"elements":[{"id":"6cdccce","elType":"widget","settings":{"title":"Review","posts_per_page":3,"more_link":"yes","more_link_url":"https:\/\/streamtube.marstheme.com\/video_tag\/review\/","tax_query_categories":[],"tax_query_video_tag":["review"],"orderby":"modified","thumbnail_size":"size-560-315","show_post_date":"diff","col_xxl":3,"col_xl":3,"col_lg":3,"col_md":3,"col_sm":3,"author_avatar":"yes"},"elements":[],"widgetType":"streamtube_posts_elementor"},{"id":"13eb869","elType":"widget","settings":{"title":"Gaming","posts_per_page":3,"more_link":"yes","more_link_url":"https:\/\/streamtube.marstheme.com\/categories\/gaming\/","tax_query_categories":["gaming"],"thumbnail_size":"size-560-315","show_post_date":"diff","col_xxl":3,"col_xl":3,"col_lg":3,"col_md":3,"col_sm":3,"author_avatar":"yes"},"elements":[],"widgetType":"streamtube_posts_elementor"},{"id":"e456138","elType":"widget","settings":{"title":"Music","posts_per_page":3,"more_link":"yes","more_link_url":"https:\/\/streamtube.marstheme.com\/categories\/music\/","tax_query_categories":["music"],"thumbnail_size":"size-560-315","show_post_date":"diff","col_xxl":3,"col_xl":3,"col_lg":3,"col_md":3,"col_sm":3,"author_avatar":"yes"},"elements":[],"widgetType":"streamtube_posts_elementor"},{"id":"0e23f67","elType":"widget","settings":{"title":"Travel","posts_per_page":3,"more_link":"yes","more_link_url":"https:\/\/streamtube.marstheme.com\/categories\/travel\/","tax_query_categories":["travel"],"thumbnail_size":"size-560-315","show_post_date":"diff","col_xxl":3,"col_xl":3,"col_lg":3,"col_md":3,"col_sm":3,"author_avatar":"yes"},"elements":[],"widgetType":"streamtube_posts_elementor"},{"id":"8ac2f98","elType":"widget","settings":{"title":"Sports","posts_per_page":3,"more_link":"yes","more_link_url":"https:\/\/streamtube.marstheme.com\/categories\/sports\/","tax_query_categories":["sports"],"thumbnail_size":"size-560-315","show_post_date":"diff","col_xxl":3,"col_xl":3,"col_lg":3,"col_md":3,"col_sm":3,"author_avatar":"yes"},"elements":[],"widgetType":"streamtube_posts_elementor"},{"id":"4ea5a7f","elType":"widget","settings":{"title":"Latest Videos","posts_per_page":6,"pagination":"click","author_avatar":"yes","tax_query_categories":[],"thumbnail_size":"size-560-315","show_post_date":"diff","col_xxl":3,"col_xl":3,"col_lg":3,"col_md":3,"col_sm":2},"elements":[],"widgetType":"streamtube_posts_elementor"}],"isInner":false},{"id":"fb1cda6","elType":"column","settings":{"_column_size":33,"_inline_size":null,"_inline_size_tablet":100,"_inline_size_mobile":100,"css_classes":"sidebar-primary"},"elements":[{"id":"8be4d8c","elType":"widget","settings":{"sidebar":"sidebar-1"},"elements":[],"widgetType":"sidebar"}],"isInner":false}],"isInner":false}]]]></wp:meta_value>
		</wp:postmeta>
							<wp:postmeta>
		<wp:meta_key><![CDATA[_elementor_page_assets]]></wp:meta_key>
		<wp:meta_value><![CDATA[a:0:{}]]></wp:meta_value>
		</wp:postmeta>
							<wp:postmeta>
		<wp:meta_key><![CDATA[_yoast_wpseo_content_score]]></wp:meta_key>
		<wp:meta_value><![CDATA[90]]></wp:meta_value>
		</wp:postmeta>
							<wp:postmeta>
		<wp:meta_key><![CDATA[_elementor_controls_usage]]></wp:meta_key>
		<wp:meta_value><![CDATA[a:4:{s:26:"streamtube_posts_elementor";a:3:{s:5:"count";i:7;s:15:"control_percent";i:6;s:8:"controls";a:1:{s:7:"content";a:5:{s:18:"section-appearance";a:8:{s:14:"posts_per_page";i:7;s:14:"thumbnail_size";i:7;s:14:"show_post_date";i:7;s:5:"title";i:6;s:9:"more_link";i:5;s:13:"more_link_url";i:5;s:13:"author_avatar";i:6;s:10:"pagination";i:1;}s:14:"section-layout";a:9:{s:6:"margin";i:1;s:13:"margin_bottom";i:1;s:7:"overlay";i:1;s:7:"col_xxl";i:7;s:6:"col_xl";i:7;s:10:"title_size";i:1;s:6:"col_lg";i:7;s:6:"col_md";i:7;s:6:"col_sm";i:6;}s:13:"section-slide";a:4:{s:5:"slide";i:1;s:12:"slide_arrows";i:1;s:17:"slide_center_mode";i:1;s:14:"slide_infinite";i:1;}s:18:"section-datasource";a:2:{s:19:"tax_query_video_tag";i:2;s:20:"tax_query_categories";i:6;}s:13:"section-order";a:1:{s:7:"orderby";i:1;}}}}s:6:"column";a:3:{s:5:"count";i:3;s:15:"control_percent";i:1;s:8:"controls";a:2:{s:6:"layout";a:1:{s:6:"layout";a:1:{s:12:"_inline_size";i:3;}}s:8:"advanced";a:1:{s:16:"section_advanced";a:2:{s:6:"margin";i:1;s:11:"css_classes";i:1;}}}}s:7:"section";a:3:{s:5:"count";i:2;s:15:"control_percent";i:2;s:8:"controls";a:2:{s:6:"layout";a:2:{s:14:"section_layout";a:3:{s:6:"layout";i:2;s:3:"gap";i:1;s:8:"html_tag";i:2;}s:17:"section_structure";a:1:{s:9:"structure";i:1;}}s:8:"advanced";a:1:{s:16:"section_advanced";a:2:{s:6:"margin";i:2;s:7:"padding";i:1;}}}}s:7:"sidebar";a:3:{s:5:"count";i:1;s:15:"control_percent";i:1;s:8:"controls";a:1:{s:7:"content";a:1:{s:15:"section_sidebar";a:1:{s:7:"sidebar";i:1;}}}}}]]></wp:meta_value>
		</wp:postmeta>
							</item>
					<item>
		<title><![CDATA[Home 4]]></title>
		<link>https://streamtube.org/demo/fullwidth/home-4/</link>
		<pubDate>Wed, 08 Sep 2021 03:49:20 +0000</pubDate>
		<dc:creator><![CDATA[admin]]></dc:creator>
		<guid isPermaLink="false">https://streamtube.org/demo/fullwidth/?page_id=1760</guid>
		<description></description>
		<content:encoded><![CDATA[]]></content:encoded>
		<excerpt:encoded><![CDATA[]]></excerpt:encoded>
		<wp:post_id>1760</wp:post_id>
		<wp:post_date><![CDATA[2021-09-08 03:49:20]]></wp:post_date>
		<wp:post_date_gmt><![CDATA[2021-09-08 03:49:20]]></wp:post_date_gmt>
		<wp:post_modified><![CDATA[2021-10-28 15:08:11]]></wp:post_modified>
		<wp:post_modified_gmt><![CDATA[2021-10-28 15:08:11]]></wp:post_modified_gmt>
		<wp:comment_status><![CDATA[closed]]></wp:comment_status>
		<wp:ping_status><![CDATA[closed]]></wp:ping_status>
		<wp:post_name><![CDATA[home-4]]></wp:post_name>
		<wp:status><![CDATA[publish]]></wp:status>
		<wp:post_parent>0</wp:post_parent>
		<wp:menu_order>0</wp:menu_order>
		<wp:post_type><![CDATA[page]]></wp:post_type>
		<wp:post_password><![CDATA[]]></wp:post_password>
		<wp:is_sticky>0</wp:is_sticky>
														<wp:postmeta>
		<wp:meta_key><![CDATA[_edit_last]]></wp:meta_key>
		<wp:meta_value><![CDATA[1]]></wp:meta_value>
		</wp:postmeta>
							<wp:postmeta>
		<wp:meta_key><![CDATA[_yoast_wpseo_estimated-reading-time-minutes]]></wp:meta_key>
		<wp:meta_value><![CDATA[31]]></wp:meta_value>
		</wp:postmeta>
							<wp:postmeta>
		<wp:meta_key><![CDATA[_elementor_edit_mode]]></wp:meta_key>
		<wp:meta_value><![CDATA[builder]]></wp:meta_value>
		</wp:postmeta>
							<wp:postmeta>
		<wp:meta_key><![CDATA[_elementor_template_type]]></wp:meta_key>
		<wp:meta_value><![CDATA[wp-page]]></wp:meta_value>
		</wp:postmeta>
							<wp:postmeta>
		<wp:meta_key><![CDATA[_elementor_version]]></wp:meta_key>
		<wp:meta_value><![CDATA[3.4.5]]></wp:meta_value>
		</wp:postmeta>
							<wp:postmeta>
		<wp:meta_key><![CDATA[_wp_page_template]]></wp:meta_key>
		<wp:meta_value><![CDATA[page-templates/page-builder-fullwidth.php]]></wp:meta_value>
		</wp:postmeta>
							<wp:postmeta>
		<wp:meta_key><![CDATA[_elementor_data]]></wp:meta_key>
		<wp:meta_value><![CDATA[[{"id":"da4578e","elType":"section","settings":{"layout":"full_width","gap":"no","html_tag":"div","margin":{"unit":"rem","top":"0","right":0,"bottom":"1.5","left":0,"isLinked":false}},"elements":[{"id":"e43e335","elType":"column","settings":{"_column_size":100,"_inline_size":null},"elements":[{"id":"b878c18","elType":"widget","settings":{"posts_per_page":15,"thumbnail_size":"large","title_size":"md","margin":"","overlay":"yes","col_xxl":2,"col_xl":2,"slide":"yes","slide_arrows":"yes","slide_center_mode":"yes","slide_infinite":"yes","slide_autoplay":"yes","tax_query_video_tag":["featured"],"col_lg":1,"col_md":1,"show_post_date":"diff","margin_bottom":0},"elements":[],"widgetType":"streamtube_posts_elementor"}],"isInner":false}],"isInner":false},{"id":"3c9b6ec","elType":"section","settings":{"layout":"full_width","html_tag":"div","structure":"22","padding":{"unit":"rem","top":"0","right":"0.75","bottom":"0","left":"0.75","isLinked":false},"padding_mobile":{"unit":"px","top":"0","right":"0","bottom":"0","left":"0","isLinked":true}},"elements":[{"id":"f6d5f5b","elType":"column","settings":{"_column_size":66,"_inline_size":null,"_inline_size_tablet":100,"_inline_size_mobile":100,"margin":{"unit":"rem","top":"0","right":"0","bottom":"0","left":"0","isLinked":false}},"elements":[{"id":"6cdccce","elType":"widget","settings":{"title":"Review","posts_per_page":3,"more_link":"yes","more_link_url":"https:\/\/streamtube.marstheme.com\/video_tag\/review\/","tax_query_categories":[],"tax_query_video_tag":["review"],"orderby":"modified","thumbnail_size":"size-560-315","show_post_date":"diff","col_xxl":3,"col_xl":3,"col_lg":3,"col_md":3,"col_sm":3,"author_avatar":"yes"},"elements":[],"widgetType":"streamtube_posts_elementor"},{"id":"13eb869","elType":"widget","settings":{"title":"Gaming","posts_per_page":12,"more_link":"yes","more_link_url":"https:\/\/streamtube.marstheme.com\/categories\/gaming\/","tax_query_categories":["gaming"],"thumbnail_size":"size-560-315","show_post_date":"diff","col_xxl":2,"col_xl":2,"col_sm":2,"slide":"yes","slide_rows":1,"slide_arrows":"yes","slide_infinite":"yes","author_avatar":"yes"},"elements":[],"widgetType":"streamtube_posts_elementor"},{"id":"e456138","elType":"widget","settings":{"title":"Music","posts_per_page":3,"more_link":"yes","more_link_url":"https:\/\/streamtube.marstheme.com\/categories\/music\/","tax_query_categories":["music"],"thumbnail_size":"size-560-315","show_post_date":"diff","col_xxl":3,"col_xl":3,"col_lg":3,"col_md":3,"col_sm":3,"author_avatar":"yes"},"elements":[],"widgetType":"streamtube_posts_elementor"},{"id":"0e23f67","elType":"widget","settings":{"title":"Travel","posts_per_page":3,"more_link":"yes","more_link_url":"https:\/\/streamtube.marstheme.com\/categories\/travel\/","tax_query_categories":["travel"],"thumbnail_size":"size-560-315","show_post_date":"diff","col_xxl":1,"col_xl":1,"col_lg":1,"col_md":1,"post_excerpt_length":20,"layout":"list_xl"},"elements":[],"widgetType":"streamtube_posts_elementor"},{"id":"8ac2f98","elType":"widget","settings":{"title":"Sports","posts_per_page":3,"more_link":"yes","more_link_url":"https:\/\/streamtube.marstheme.com\/categories\/sports\/","tax_query_categories":["sports"],"thumbnail_size":"size-560-315","show_post_date":"diff","col_xxl":3,"col_xl":3,"col_lg":3,"col_md":3,"col_sm":3,"author_avatar":"yes"},"elements":[],"widgetType":"streamtube_posts_elementor"},{"id":"4ea5a7f","elType":"widget","settings":{"title":"Latest Videos","posts_per_page":6,"pagination":"click","author_avatar":"yes","tax_query_categories":[],"thumbnail_size":"size-560-315","show_post_date":"diff","col_xxl":3,"col_xl":3,"col_lg":3,"col_md":3,"col_sm":2},"elements":[],"widgetType":"streamtube_posts_elementor"}],"isInner":false},{"id":"fb1cda6","elType":"column","settings":{"_column_size":33,"_inline_size":null,"_inline_size_tablet":100,"_inline_size_mobile":100,"css_classes":"sidebar-primary"},"elements":[{"id":"8be4d8c","elType":"widget","settings":{"sidebar":"sidebar-1"},"elements":[],"widgetType":"sidebar"}],"isInner":false}],"isInner":false}]]]></wp:meta_value>
		</wp:postmeta>
							<wp:postmeta>
		<wp:meta_key><![CDATA[_elementor_page_assets]]></wp:meta_key>
		<wp:meta_value><![CDATA[a:0:{}]]></wp:meta_value>
		</wp:postmeta>
							<wp:postmeta>
		<wp:meta_key><![CDATA[_yoast_wpseo_content_score]]></wp:meta_key>
		<wp:meta_value><![CDATA[90]]></wp:meta_value>
		</wp:postmeta>
							<wp:postmeta>
		<wp:meta_key><![CDATA[_elementor_controls_usage]]></wp:meta_key>
		<wp:meta_value><![CDATA[a:4:{s:26:"streamtube_posts_elementor";a:3:{s:5:"count";i:7;s:15:"control_percent";i:6;s:8:"controls";a:1:{s:7:"content";a:5:{s:18:"section-appearance";a:9:{s:14:"posts_per_page";i:7;s:14:"thumbnail_size";i:7;s:14:"show_post_date";i:7;s:5:"title";i:6;s:9:"more_link";i:5;s:13:"more_link_url";i:5;s:13:"author_avatar";i:5;s:19:"post_excerpt_length";i:1;s:10:"pagination";i:1;}s:14:"section-layout";a:10:{s:10:"title_size";i:1;s:6:"margin";i:1;s:7:"overlay";i:1;s:7:"col_xxl";i:7;s:6:"col_xl";i:7;s:6:"col_lg";i:6;s:6:"col_md";i:6;s:13:"margin_bottom";i:1;s:6:"col_sm";i:5;s:6:"layout";i:1;}s:13:"section-slide";a:6:{s:5:"slide";i:2;s:12:"slide_arrows";i:2;s:17:"slide_center_mode";i:1;s:14:"slide_infinite";i:2;s:14:"slide_autoplay";i:1;s:10:"slide_rows";i:1;}s:18:"section-datasource";a:2:{s:19:"tax_query_video_tag";i:2;s:20:"tax_query_categories";i:6;}s:13:"section-order";a:1:{s:7:"orderby";i:1;}}}}s:6:"column";a:3:{s:5:"count";i:3;s:15:"control_percent";i:1;s:8:"controls";a:2:{s:6:"layout";a:1:{s:6:"layout";a:1:{s:12:"_inline_size";i:3;}}s:8:"advanced";a:1:{s:16:"section_advanced";a:2:{s:6:"margin";i:1;s:11:"css_classes";i:1;}}}}s:7:"section";a:3:{s:5:"count";i:2;s:15:"control_percent";i:2;s:8:"controls";a:2:{s:6:"layout";a:2:{s:14:"section_layout";a:3:{s:6:"layout";i:2;s:3:"gap";i:1;s:8:"html_tag";i:2;}s:17:"section_structure";a:1:{s:9:"structure";i:1;}}s:8:"advanced";a:1:{s:16:"section_advanced";a:2:{s:6:"margin";i:1;s:7:"padding";i:1;}}}}s:7:"sidebar";a:3:{s:5:"count";i:1;s:15:"control_percent";i:1;s:8:"controls";a:1:{s:7:"content";a:1:{s:15:"section_sidebar";a:1:{s:7:"sidebar";i:1;}}}}}]]></wp:meta_value>
		</wp:postmeta>
							</item>
					<item>
		<title><![CDATA[Home 6]]></title>
		<link>https://streamtube.org/demo/fullwidth/home-6/</link>
		<pubDate>Wed, 08 Sep 2021 04:06:22 +0000</pubDate>
		<dc:creator><![CDATA[admin]]></dc:creator>
		<guid isPermaLink="false">https://streamtube.org/demo/fullwidth/?page_id=1804</guid>
		<description></description>
		<content:encoded><![CDATA[]]></content:encoded>
		<excerpt:encoded><![CDATA[]]></excerpt:encoded>
		<wp:post_id>1804</wp:post_id>
		<wp:post_date><![CDATA[2021-09-08 04:06:22]]></wp:post_date>
		<wp:post_date_gmt><![CDATA[2021-09-08 04:06:22]]></wp:post_date_gmt>
		<wp:post_modified><![CDATA[2021-10-28 15:12:37]]></wp:post_modified>
		<wp:post_modified_gmt><![CDATA[2021-10-28 15:12:37]]></wp:post_modified_gmt>
		<wp:comment_status><![CDATA[closed]]></wp:comment_status>
		<wp:ping_status><![CDATA[closed]]></wp:ping_status>
		<wp:post_name><![CDATA[home-6]]></wp:post_name>
		<wp:status><![CDATA[publish]]></wp:status>
		<wp:post_parent>0</wp:post_parent>
		<wp:menu_order>0</wp:menu_order>
		<wp:post_type><![CDATA[page]]></wp:post_type>
		<wp:post_password><![CDATA[]]></wp:post_password>
		<wp:is_sticky>0</wp:is_sticky>
														<wp:postmeta>
		<wp:meta_key><![CDATA[_edit_last]]></wp:meta_key>
		<wp:meta_value><![CDATA[1]]></wp:meta_value>
		</wp:postmeta>
							<wp:postmeta>
		<wp:meta_key><![CDATA[_yoast_wpseo_estimated-reading-time-minutes]]></wp:meta_key>
		<wp:meta_value><![CDATA[19]]></wp:meta_value>
		</wp:postmeta>
							<wp:postmeta>
		<wp:meta_key><![CDATA[_elementor_edit_mode]]></wp:meta_key>
		<wp:meta_value><![CDATA[builder]]></wp:meta_value>
		</wp:postmeta>
							<wp:postmeta>
		<wp:meta_key><![CDATA[_elementor_template_type]]></wp:meta_key>
		<wp:meta_value><![CDATA[wp-page]]></wp:meta_value>
		</wp:postmeta>
							<wp:postmeta>
		<wp:meta_key><![CDATA[_elementor_version]]></wp:meta_key>
		<wp:meta_value><![CDATA[3.4.5]]></wp:meta_value>
		</wp:postmeta>
							<wp:postmeta>
		<wp:meta_key><![CDATA[_wp_page_template]]></wp:meta_key>
		<wp:meta_value><![CDATA[page-templates/page-builder-fullwidth.php]]></wp:meta_value>
		</wp:postmeta>
							<wp:postmeta>
		<wp:meta_key><![CDATA[_elementor_data]]></wp:meta_key>
		<wp:meta_value><![CDATA[[{"id":"da4578e","elType":"section","settings":{"layout":"full_width","margin":{"unit":"rem","top":"0","right":0,"bottom":"1.5","left":0,"isLinked":false},"html_tag":"div","background_color":"#111111","padding":{"unit":"px","top":"0","right":"0","bottom":"0","left":"0","isLinked":true},"content_width":{"unit":"px","size":1600,"sizes":[]},"background_color_b":"#0F0F0F","background_gradient_angle":{"unit":"deg","size":50,"sizes":[]},"background_overlay_color":"#3F4345","background_overlay_color_b":"#000000","background_overlay_image":{"url":"https:\/\/streamtube.marstheme.com\/wp-content\/uploads\/2021\/08\/travel-12.jpg","id":591,"alt":"","source":"library"},"background_overlay_opacity":{"unit":"px","size":0.729999999999999982236431605997495353221893310546875,"sizes":[]},"__globals__":{"background_overlay_color":""},"gap":"no"},"elements":[{"id":"e43e335","elType":"column","settings":{"_column_size":100,"_inline_size":100},"elements":[{"id":"80827a4","elType":"widget","settings":{"posts_per_page":20,"thumbnail_size":"large","title_size":"md","margin":"","overlay":"yes","col_xxl":2,"col_xl":2,"slide":"yes","slide_arrows":"yes","slide_center_mode":"yes","slide_infinite":"yes","tax_query_video_tag":["featured"],"margin_bottom":0,"col_lg":1,"col_md":1,"show_post_date":"diff"},"elements":[],"widgetType":"streamtube_posts_elementor"}],"isInner":false}],"isInner":false},{"id":"77d095b","elType":"section","settings":{"structure":"22","margin":{"unit":"px","top":"0","right":0,"bottom":"0","left":0,"isLinked":false},"content_width":{"unit":"px","size":1400,"sizes":[]},"padding":{"unit":"rem","top":"0","right":"0.75","bottom":"0","left":"0.75","isLinked":false},"padding_mobile":{"unit":"rem","top":"0","right":"0","bottom":"0","left":"0","isLinked":true}},"elements":[{"id":"d2c7149","elType":"column","settings":{"_column_size":66,"_inline_size":70,"_inline_size_tablet":100,"margin":{"unit":"px","top":"0","right":"0","bottom":"0","left":"0","isLinked":false}},"elements":[{"id":"4ea5a7f","elType":"widget","settings":{"title":"Latest Videos","pagination":"click","tax_query_categories":[],"thumbnail_size":"size-560-315","col_xxl":2,"col_xl":2,"post_excerpt_length":15,"title_size":"md","col_sm":2,"author_avatar":"yes"},"elements":[],"widgetType":"streamtube_posts_elementor"}],"isInner":false},{"id":"7506f5a","elType":"column","settings":{"_column_size":33,"_inline_size":29.1580000000000012505552149377763271331787109375,"_inline_size_tablet":100,"css_classes":"sidebar-primary"},"elements":[{"id":"22d8cc8","elType":"widget","settings":{"sidebar":"sidebar-1"},"elements":[],"widgetType":"sidebar"}],"isInner":false}],"isInner":false}]]]></wp:meta_value>
		</wp:postmeta>
							<wp:postmeta>
		<wp:meta_key><![CDATA[_elementor_page_assets]]></wp:meta_key>
		<wp:meta_value><![CDATA[a:0:{}]]></wp:meta_value>
		</wp:postmeta>
							<wp:postmeta>
		<wp:meta_key><![CDATA[_yoast_wpseo_content_score]]></wp:meta_key>
		<wp:meta_value><![CDATA[90]]></wp:meta_value>
		</wp:postmeta>
							<wp:postmeta>
		<wp:meta_key><![CDATA[_elementor_controls_usage]]></wp:meta_key>
		<wp:meta_value><![CDATA[a:4:{s:26:"streamtube_posts_elementor";a:3:{s:5:"count";i:2;s:15:"control_percent";i:5;s:8:"controls";a:1:{s:7:"content";a:4:{s:18:"section-appearance";a:7:{s:14:"posts_per_page";i:1;s:14:"thumbnail_size";i:2;s:14:"show_post_date";i:1;s:5:"title";i:1;s:10:"pagination";i:1;s:19:"post_excerpt_length";i:1;s:13:"author_avatar";i:1;}s:14:"section-layout";a:9:{s:10:"title_size";i:2;s:6:"margin";i:1;s:7:"overlay";i:1;s:7:"col_xxl";i:2;s:6:"col_xl";i:2;s:13:"margin_bottom";i:1;s:6:"col_lg";i:1;s:6:"col_md";i:1;s:6:"col_sm";i:1;}s:13:"section-slide";a:4:{s:5:"slide";i:1;s:12:"slide_arrows";i:1;s:17:"slide_center_mode";i:1;s:14:"slide_infinite";i:1;}s:18:"section-datasource";a:2:{s:19:"tax_query_video_tag";i:1;s:20:"tax_query_categories";i:1;}}}}s:6:"column";a:3:{s:5:"count";i:3;s:15:"control_percent";i:1;s:8:"controls";a:2:{s:6:"layout";a:1:{s:6:"layout";a:1:{s:12:"_inline_size";i:3;}}s:8:"advanced";a:1:{s:16:"section_advanced";a:2:{s:6:"margin";i:1;s:11:"css_classes";i:1;}}}}s:7:"section";a:3:{s:5:"count";i:2;s:15:"control_percent";i:2;s:8:"controls";a:3:{s:6:"layout";a:2:{s:14:"section_layout";a:4:{s:6:"layout";i:1;s:8:"html_tag";i:1;s:13:"content_width";i:2;s:3:"gap";i:1;}s:17:"section_structure";a:1:{s:9:"structure";i:1;}}s:8:"advanced";a:1:{s:16:"section_advanced";a:2:{s:6:"margin";i:2;s:7:"padding";i:2;}}s:5:"style";a:2:{s:18:"section_background";a:3:{s:16:"background_color";i:1;s:18:"background_color_b";i:1;s:25:"background_gradient_angle";i:1;}s:26:"section_background_overlay";a:4:{s:24:"background_overlay_color";i:1;s:26:"background_overlay_color_b";i:1;s:24:"background_overlay_image";i:1;s:26:"background_overlay_opacity";i:1;}}}}s:7:"sidebar";a:3:{s:5:"count";i:1;s:15:"control_percent";i:1;s:8:"controls";a:1:{s:7:"content";a:1:{s:15:"section_sidebar";a:1:{s:7:"sidebar";i:1;}}}}}]]></wp:meta_value>
		</wp:postmeta>
							</item>
					<item>
		<title><![CDATA[Home 7]]></title>
		<link>https://streamtube.org/demo/fullwidth/home-7/</link>
		<pubDate>Wed, 08 Sep 2021 08:55:54 +0000</pubDate>
		<dc:creator><![CDATA[admin]]></dc:creator>
		<guid isPermaLink="false">https://streamtube.org/demo/fullwidth/?page_id=1817</guid>
		<description></description>
		<content:encoded><![CDATA[]]></content:encoded>
		<excerpt:encoded><![CDATA[]]></excerpt:encoded>
		<wp:post_id>1817</wp:post_id>
		<wp:post_date><![CDATA[2021-09-08 08:55:54]]></wp:post_date>
		<wp:post_date_gmt><![CDATA[2021-09-08 08:55:54]]></wp:post_date_gmt>
		<wp:post_modified><![CDATA[2021-10-28 15:11:44]]></wp:post_modified>
		<wp:post_modified_gmt><![CDATA[2021-10-28 15:11:44]]></wp:post_modified_gmt>
		<wp:comment_status><![CDATA[closed]]></wp:comment_status>
		<wp:ping_status><![CDATA[closed]]></wp:ping_status>
		<wp:post_name><![CDATA[home-7]]></wp:post_name>
		<wp:status><![CDATA[publish]]></wp:status>
		<wp:post_parent>0</wp:post_parent>
		<wp:menu_order>0</wp:menu_order>
		<wp:post_type><![CDATA[page]]></wp:post_type>
		<wp:post_password><![CDATA[]]></wp:post_password>
		<wp:is_sticky>0</wp:is_sticky>
														<wp:postmeta>
		<wp:meta_key><![CDATA[_edit_last]]></wp:meta_key>
		<wp:meta_value><![CDATA[1]]></wp:meta_value>
		</wp:postmeta>
							<wp:postmeta>
		<wp:meta_key><![CDATA[_yoast_wpseo_estimated-reading-time-minutes]]></wp:meta_key>
		<wp:meta_value><![CDATA[9]]></wp:meta_value>
		</wp:postmeta>
							<wp:postmeta>
		<wp:meta_key><![CDATA[_elementor_edit_mode]]></wp:meta_key>
		<wp:meta_value><![CDATA[builder]]></wp:meta_value>
		</wp:postmeta>
							<wp:postmeta>
		<wp:meta_key><![CDATA[_elementor_template_type]]></wp:meta_key>
		<wp:meta_value><![CDATA[wp-page]]></wp:meta_value>
		</wp:postmeta>
							<wp:postmeta>
		<wp:meta_key><![CDATA[_elementor_version]]></wp:meta_key>
		<wp:meta_value><![CDATA[3.4.5]]></wp:meta_value>
		</wp:postmeta>
							<wp:postmeta>
		<wp:meta_key><![CDATA[_wp_page_template]]></wp:meta_key>
		<wp:meta_value><![CDATA[page-templates/page-builder-fullwidth.php]]></wp:meta_value>
		</wp:postmeta>
							<wp:postmeta>
		<wp:meta_key><![CDATA[_elementor_data]]></wp:meta_key>
		<wp:meta_value><![CDATA[[{"id":"5bb3205","elType":"section","settings":{"content_width":{"unit":"px","size":1400,"sizes":[]},"background_background":"classic","background_color":"#151515","margin":{"unit":"rem","top":"0","right":0,"bottom":"01.5","left":0,"isLinked":false},"padding":{"unit":"rem","top":"0.75","right":"0","bottom":"0.75","left":"0","isLinked":false},"html_tag":"div"},"elements":[{"id":"def0f04","elType":"column","settings":{"_column_size":100,"_inline_size":null},"elements":[{"id":"924793a","elType":"widget","settings":{"style":"dark","upnext":"yes","layout":"list_xs"},"elements":[],"widgetType":"streamtube-playlist"}],"isInner":false}],"isInner":false},{"id":"77d095b","elType":"section","settings":{"structure":"22","margin":{"unit":"rem","top":"0","right":0,"bottom":"0","left":0,"isLinked":false},"content_width":{"unit":"px","size":1400,"sizes":[]},"html_tag":"div","padding":{"unit":"rem","top":"0","right":"0.75","bottom":"0","left":"0.75","isLinked":false},"padding_mobile":{"unit":"px","top":"0","right":"0","bottom":"0","left":"0","isLinked":true}},"elements":[{"id":"d2c7149","elType":"column","settings":{"_column_size":66,"_inline_size":70,"_inline_size_tablet":100,"margin":{"unit":"px","top":"0","right":"0","bottom":"0","left":"0","isLinked":false}},"elements":[{"id":"4ea5a7f","elType":"widget","settings":{"title":"Latest Videos","pagination":"click","tax_query_categories":[],"thumbnail_size":"size-560-315","col_xxl":1,"col_xl":1,"post_excerpt_length":20,"layout":"list_xxl","title_size":"md","col_lg":1,"show_post_date":"diff","show_author_name":""},"elements":[],"widgetType":"streamtube_posts_elementor"}],"isInner":false},{"id":"7506f5a","elType":"column","settings":{"_column_size":33,"_inline_size":29.1580000000000012505552149377763271331787109375,"_inline_size_tablet":100,"css_classes":"sidebar-primary"},"elements":[{"id":"22d8cc8","elType":"widget","settings":{"sidebar":"sidebar-1"},"elements":[],"widgetType":"sidebar"}],"isInner":false}],"isInner":false}]]]></wp:meta_value>
		</wp:postmeta>
							<wp:postmeta>
		<wp:meta_key><![CDATA[_elementor_page_assets]]></wp:meta_key>
		<wp:meta_value><![CDATA[a:0:{}]]></wp:meta_value>
		</wp:postmeta>
							<wp:postmeta>
		<wp:meta_key><![CDATA[_yoast_wpseo_content_score]]></wp:meta_key>
		<wp:meta_value><![CDATA[60]]></wp:meta_value>
		</wp:postmeta>
							<wp:postmeta>
		<wp:meta_key><![CDATA[_elementor_controls_usage]]></wp:meta_key>
		<wp:meta_value><![CDATA[a:5:{s:19:"streamtube-playlist";a:3:{s:5:"count";i:1;s:15:"control_percent";i:2;s:8:"controls";a:1:{s:7:"content";a:2:{s:18:"section-appearance";a:2:{s:5:"style";i:1;s:6:"upnext";i:1;}s:14:"section-layout";a:1:{s:6:"layout";i:1;}}}}s:6:"column";a:3:{s:5:"count";i:3;s:15:"control_percent";i:1;s:8:"controls";a:2:{s:6:"layout";a:1:{s:6:"layout";a:1:{s:12:"_inline_size";i:3;}}s:8:"advanced";a:1:{s:16:"section_advanced";a:2:{s:6:"margin";i:1;s:11:"css_classes";i:1;}}}}s:7:"section";a:3:{s:5:"count";i:2;s:15:"control_percent";i:2;s:8:"controls";a:3:{s:6:"layout";a:2:{s:14:"section_layout";a:2:{s:13:"content_width";i:2;s:8:"html_tag";i:2;}s:17:"section_structure";a:1:{s:9:"structure";i:1;}}s:5:"style";a:1:{s:18:"section_background";a:2:{s:21:"background_background";i:1;s:16:"background_color";i:1;}}s:8:"advanced";a:1:{s:16:"section_advanced";a:2:{s:6:"margin";i:2;s:7:"padding";i:2;}}}}s:26:"streamtube_posts_elementor";a:3:{s:5:"count";i:1;s:15:"control_percent";i:6;s:8:"controls";a:1:{s:7:"content";a:3:{s:18:"section-appearance";a:6:{s:5:"title";i:1;s:10:"pagination";i:1;s:14:"thumbnail_size";i:1;s:19:"post_excerpt_length";i:1;s:14:"show_post_date";i:1;s:16:"show_author_name";i:1;}s:18:"section-datasource";a:1:{s:20:"tax_query_categories";i:1;}s:14:"section-layout";a:5:{s:7:"col_xxl";i:1;s:6:"col_xl";i:1;s:6:"layout";i:1;s:10:"title_size";i:1;s:6:"col_lg";i:1;}}}}s:7:"sidebar";a:3:{s:5:"count";i:1;s:15:"control_percent";i:1;s:8:"controls";a:1:{s:7:"content";a:1:{s:15:"section_sidebar";a:1:{s:7:"sidebar";i:1;}}}}}]]></wp:meta_value>
		</wp:postmeta>
							</item>
					<item>
		<title><![CDATA[Home]]></title>
		<link>https://streamtube.org/demo/fullwidth/</link>
		<pubDate>Sat, 11 Sep 2021 05:52:57 +0000</pubDate>
		<dc:creator><![CDATA[admin]]></dc:creator>
		<guid isPermaLink="false">https://streamtube.org/demo/fullwidth/?page_id=1947</guid>
		<description></description>
		<content:encoded><![CDATA[]]></content:encoded>
		<excerpt:encoded><![CDATA[]]></excerpt:encoded>
		<wp:post_id>1947</wp:post_id>
		<wp:post_date><![CDATA[2021-09-11 05:52:57]]></wp:post_date>
		<wp:post_date_gmt><![CDATA[2021-09-11 05:52:57]]></wp:post_date_gmt>
		<wp:post_modified><![CDATA[2021-10-28 14:54:14]]></wp:post_modified>
		<wp:post_modified_gmt><![CDATA[2021-10-28 14:54:14]]></wp:post_modified_gmt>
		<wp:comment_status><![CDATA[closed]]></wp:comment_status>
		<wp:ping_status><![CDATA[closed]]></wp:ping_status>
		<wp:post_name><![CDATA[home]]></wp:post_name>
		<wp:status><![CDATA[publish]]></wp:status>
		<wp:post_parent>0</wp:post_parent>
		<wp:menu_order>0</wp:menu_order>
		<wp:post_type><![CDATA[page]]></wp:post_type>
		<wp:post_password><![CDATA[]]></wp:post_password>
		<wp:is_sticky>0</wp:is_sticky>
														<wp:postmeta>
		<wp:meta_key><![CDATA[_edit_last]]></wp:meta_key>
		<wp:meta_value><![CDATA[1]]></wp:meta_value>
		</wp:postmeta>
							<wp:postmeta>
		<wp:meta_key><![CDATA[_yoast_wpseo_estimated-reading-time-minutes]]></wp:meta_key>
		<wp:meta_value><![CDATA[15]]></wp:meta_value>
		</wp:postmeta>
							<wp:postmeta>
		<wp:meta_key><![CDATA[_elementor_edit_mode]]></wp:meta_key>
		<wp:meta_value><![CDATA[builder]]></wp:meta_value>
		</wp:postmeta>
							<wp:postmeta>
		<wp:meta_key><![CDATA[_elementor_template_type]]></wp:meta_key>
		<wp:meta_value><![CDATA[wp-page]]></wp:meta_value>
		</wp:postmeta>
							<wp:postmeta>
		<wp:meta_key><![CDATA[_elementor_version]]></wp:meta_key>
		<wp:meta_value><![CDATA[3.4.5]]></wp:meta_value>
		</wp:postmeta>
							<wp:postmeta>
		<wp:meta_key><![CDATA[_wp_page_template]]></wp:meta_key>
		<wp:meta_value><![CDATA[page-templates/page-builder-fullwidth.php]]></wp:meta_value>
		</wp:postmeta>
							<wp:postmeta>
		<wp:meta_key><![CDATA[_elementor_data]]></wp:meta_key>
		<wp:meta_value><![CDATA[[{"id":"da4578e","elType":"section","settings":{"layout":"full_width","gap":"no","html_tag":"div","margin":{"unit":"rem","top":"0","right":0,"bottom":"01.5","left":0,"isLinked":false}},"elements":[{"id":"e43e335","elType":"column","settings":{"_column_size":100,"_inline_size":null},"elements":[{"id":"e15bde3","elType":"widget","settings":{"thumbnail_size":"full","tax_query_categories":[],"tax_query_video_tag":["featured"],"author_name":"yes","height":600,"show_post_date":"","show_post_comment":"yes"},"elements":[],"widgetType":"flat-posts"}],"isInner":false}],"isInner":false},{"id":"3c9b6ec","elType":"section","settings":{"layout":"full_width","html_tag":"div","margin":{"unit":"rem","top":"0","right":0,"bottom":"0","left":0,"isLinked":false},"overflow":"hidden","padding":{"unit":"rem","top":"0","right":"0.75","bottom":"0","left":"0.75","isLinked":false},"padding_tablet":{"unit":"rem","top":"0","right":"0.75","bottom":"0","left":"0.75","isLinked":false},"padding_mobile":{"unit":"rem","top":"0","right":"0","bottom":"0","left":"0","isLinked":true}},"elements":[{"id":"f6d5f5b","elType":"column","settings":{"_column_size":100,"_inline_size":null,"_inline_size_tablet":100,"_inline_size_mobile":100,"margin":{"unit":"rem","top":"0","right":"0","bottom":"0","left":"0","isLinked":false}},"elements":[{"id":"6cdccce","elType":"widget","settings":{"title":"Review","more_link":"yes","more_link_url":"https:\/\/streamtube.marstheme.com\/video_tag\/review\/","tax_query_categories":[],"tax_query_video_tag":["review"],"orderby":"modified","thumbnail_size":"size-560-315","show_post_date":"diff","col_sm":2,"slide":"yes","slide_arrows":"yes","_margin":{"unit":"rem","top":"0","right":"0","bottom":"0","left":"0","isLinked":false},"author_avatar":"yes"},"elements":[],"widgetType":"streamtube_posts_elementor"},{"id":"13eb869","elType":"widget","settings":{"title":"Gaming","posts_per_page":4,"more_link":"yes","more_link_url":"https:\/\/streamtube.marstheme.com\/categories\/gaming\/","tax_query_categories":["gaming"],"thumbnail_size":"size-560-315","show_post_date":"diff","col_lg":4,"col_md":4,"pagination":"click","col_sm":2,"_margin":{"unit":"px","top":"0","right":"0","bottom":"0","left":"0","isLinked":false},"author_avatar":"yes"},"elements":[],"widgetType":"streamtube_posts_elementor"},{"id":"e456138","elType":"widget","settings":{"title":"Music","posts_per_page":4,"more_link":"yes","more_link_url":"https:\/\/streamtube.marstheme.com\/categories\/music\/","tax_query_categories":["music"],"thumbnail_size":"size-560-315","show_post_date":"diff","col_lg":4,"pagination":"click","col_sm":2,"author_avatar":"yes"},"elements":[],"widgetType":"streamtube_posts_elementor"},{"id":"0e23f67","elType":"widget","settings":{"title":"Travel","posts_per_page":4,"more_link":"yes","more_link_url":"https:\/\/streamtube.marstheme.com\/categories\/travel\/","tax_query_categories":["travel"],"thumbnail_size":"size-560-315","show_post_date":"diff","col_lg":4,"col_md":4,"pagination":"click","col_sm":2,"author_avatar":"yes"},"elements":[],"widgetType":"streamtube_posts_elementor"},{"id":"8ac2f98","elType":"widget","settings":{"title":"Sports","posts_per_page":4,"more_link":"yes","more_link_url":"https:\/\/streamtube.marstheme.com\/categories\/sports\/","tax_query_categories":["sports"],"thumbnail_size":"size-560-315","show_post_date":"diff","col_lg":4,"col_md":4,"pagination":"click","col_sm":2,"author_avatar":"yes"},"elements":[],"widgetType":"streamtube_posts_elementor"},{"id":"4ea5a7f","elType":"widget","settings":{"title":"Latest Videos","posts_per_page":8,"pagination":"click","author_avatar":"yes","tax_query_categories":[],"thumbnail_size":"size-560-315","show_post_date":"diff","col_lg":4,"col_md":4,"col_sm":2},"elements":[],"widgetType":"streamtube_posts_elementor"}],"isInner":false}],"isInner":false}]]]></wp:meta_value>
		</wp:postmeta>
							<wp:postmeta>
		<wp:meta_key><![CDATA[_elementor_page_assets]]></wp:meta_key>
		<wp:meta_value><![CDATA[a:0:{}]]></wp:meta_value>
		</wp:postmeta>
							<wp:postmeta>
		<wp:meta_key><![CDATA[_yoast_wpseo_content_score]]></wp:meta_key>
		<wp:meta_value><![CDATA[90]]></wp:meta_value>
		</wp:postmeta>
							<wp:postmeta>
		<wp:meta_key><![CDATA[_elementor_controls_usage]]></wp:meta_key>
		<wp:meta_value><![CDATA[a:4:{s:10:"flat-posts";a:3:{s:5:"count";i:1;s:15:"control_percent";i:3;s:8:"controls";a:1:{s:7:"content";a:2:{s:18:"section-appearance";a:3:{s:14:"thumbnail_size";i:1;s:14:"show_post_date";i:1;s:17:"show_post_comment";i:1;}s:18:"section-datasource";a:2:{s:20:"tax_query_categories";i:1;s:19:"tax_query_video_tag";i:1;}}}}s:6:"column";a:3:{s:5:"count";i:2;s:15:"control_percent";i:1;s:8:"controls";a:2:{s:6:"layout";a:1:{s:6:"layout";a:1:{s:12:"_inline_size";i:2;}}s:8:"advanced";a:1:{s:16:"section_advanced";a:1:{s:6:"margin";i:1;}}}}s:7:"section";a:3:{s:5:"count";i:2;s:15:"control_percent";i:2;s:8:"controls";a:2:{s:6:"layout";a:1:{s:14:"section_layout";a:4:{s:6:"layout";i:2;s:3:"gap";i:1;s:8:"html_tag";i:2;s:8:"overflow";i:1;}}s:8:"advanced";a:1:{s:16:"section_advanced";a:2:{s:6:"margin";i:2;s:7:"padding";i:1;}}}}s:26:"streamtube_posts_elementor";a:3:{s:5:"count";i:6;s:15:"control_percent";i:5;s:8:"controls";a:2:{s:7:"content";a:5:{s:18:"section-appearance";a:8:{s:5:"title";i:6;s:9:"more_link";i:5;s:13:"more_link_url";i:5;s:14:"thumbnail_size";i:6;s:14:"show_post_date";i:6;s:13:"author_avatar";i:6;s:14:"posts_per_page";i:5;s:10:"pagination";i:5;}s:18:"section-datasource";a:2:{s:20:"tax_query_categories";i:6;s:19:"tax_query_video_tag";i:1;}s:13:"section-order";a:1:{s:7:"orderby";i:1;}s:14:"section-layout";a:3:{s:6:"col_sm";i:6;s:6:"col_lg";i:5;s:6:"col_md";i:4;}s:13:"section-slide";a:2:{s:5:"slide";i:1;s:12:"slide_arrows";i:1;}}s:8:"advanced";a:1:{s:14:"_section_style";a:1:{s:7:"_margin";i:2;}}}}}]]></wp:meta_value>
		</wp:postmeta>
							</item>
				</channel>
</rss>
	
